uid,a,b,c,d,e,f,g
21916070.0,196.1851851851852,314.3666666666667,322.0,373.1111111111111,219.39735099337747,378.8888888888889,362.8048780487805
21916070.0,223.5971685971686,535.6602316602317,504.4597701149425,450.33663366336634,310.20150273224044,563.6572890025575,487.13935483870966
21916070.0,259.38676554478036,557.5125208681135,549.0434782608696,468.1904761904762,350.90069845126027,626.2081051478642,502.35184135977335
21916070.0,254.86167304538,549.6741214057508,541.911214953271,457.2603305785124,348.2725159790819,624.6052356020942,498.6565217391304
21916070.0,255.70264317180616,551.0305466237942,542.8826291079812,460.44769874476987,347.85108250438856,623.2362869198312,498.6766958424508
21916070.0,194.59722222222223,486.2291666666667,367.5263157894737,360.15384615384613,248.06513409961687,503.0857142857143,411.17391304347825
21916070.0,204.5771028037383,513.3216783216783,454.48979591836735,462.8448275862069,288.6184538653367,576.9289099526067,438.1496437054632
21916070.0,187.24848484848485,471.9259259259259,359.8,358.57142857142856,257.6996699669967,503.44444444444446,401.56875
21916070.0,253.71567567567567,549.8700475435816,541.911214953271,456.7448559670782,347.8840413318025,626.2367601246106,497.5145005370569
21916070.0,254.61811238406983,550.1467304625199,541.911214953271,457.2603305785124,348.45536231884057,625.2583682008368,498.4322125813449
21916070.0,255.48160351455243,550.3878205128206,541.911214953271,459.5125,347.7203736135435,622.4437434279705,498.40065502183404
21916070.0,255.6549744897959,559.9499072356215,556.7765957446809,473.8779342723005,350.4196157735086,615.3361650485436,499.90201005025125
21916070.0,188.0,508.58730158730157,374.22727272727275,374.6,269.8048780487805,532.4895833333334,425.38860103626945
21916070.0,185.97058823529412,315.46153846153845,315.0833333333333,386.29411764705884,213.848,381.60526315789474,312.04347826086956
21916070.0,259.2634005763689,558.739932885906,549.0434782608696,468.1904761904762,351.912511471398,627.2926292629263,503.67997718197375
21916070.0,191.54777070063693,476.78846153846155,359.8,365.3703703703704,253.28321678321677,502.8181818181818,411.39473684210526
21916070.0,254.26384364820848,549.7488076311606,541.911214953271,456.7448559670782,347.940582636285,624.978125,498.2185644900162
21916070.0,196.1851851851852,499.34472906893535,322.0,373.1111111111111,219.39735099337747,378.8888888888889,362.8048780487805
21916070.0,223.5971685971686,535.6602316602317,504.4597701149425,450.33663366336634,291.104088652345,563.6572890025575,487.13935483870966
21916070.0,259.38676554478036,557.5125208681135,549.0434782608696,468.1904761904762,350.90069845126027,604.6378255402644,502.35184135977335
21916070.0,254.86167304538,549.6741214057508,425.0771149319851,457.2603305785124,348.2725159790819,624.6052356020942,498.6565217391304
21916070.0,255.70264317180616,551.0305466237942,542.8826291079812,469.40406685576465,347.85108250438856,623.2362869198312,498.6766958424508
21916070.0,215.92259744746116,486.2291666666667,367.5263157894737,360.15384615384613,248.06513409961687,503.0857142857143,411.17391304347825
21916070.0,204.5771028037383,513.3216783216783,478.03132791664063,462.8448275862069,288.6184538653367,576.9289099526067,438.1496437054632
21916070.0,245.22706216654802,471.9259259259259,359.8,358.57142857142856,257.6996699669967,503.44444444444446,401.56875
21916070.0,253.71567567567567,549.8700475435816,541.911214953271,456.7448559670782,311.4038515872806,626.2367601246106,497.5145005370569
21916070.0,254.61811238406983,550.1467304625199,541.911214953271,457.2603305785124,348.45536231884057,484.9337003462879,498.4322125813449
21916070.0,255.48160351455243,550.3878205128206,541.911214953271,449.02426696040345,347.7203736135435,622.4437434279705,498.40065502183404
21916070.0,255.6549744897959,559.9499072356215,556.7765957446809,414.77676111697787,350.4196157735086,615.3361650485436,499.90201005025125
21916070.0,197.52881919884095,508.58730158730157,374.22727272727275,374.6,269.8048780487805,532.4895833333334,425.38860103626945
21916070.0,185.97058823529412,315.46153846153845,315.0833333333333,386.29411764705884,213.848,645.2889514549461,312.04347826086956
21916070.0,259.2634005763689,558.739932885906,502.6161417503925,468.1904761904762,351.912511471398,627.2926292629263,503.67997718197375
21916070.0,191.54777070063693,476.78846153846155,359.8,365.3703703703704,326.980209896874,502.8181818181818,411.39473684210526
21916070.0,254.26384364820848,549.7488076311606,561.9122820118985,456.7448559670782,347.940582636285,624.978125,498.2185644900162
21916070.0,196.1851851851852,314.3666666666667,322.0,373.1111111111111,219.39735099337747,378.8888888888889,421.0575518279632
21916070.0,223.5971685971686,535.6602316602317,504.4597701149425,450.33663366336634,307.6978799822369,563.6572890025575,487.13935483870966
21916070.0,259.38676554478036,557.5125208681135,549.0434782608696,472.5139269148802,350.90069845126027,626.2081051478642,502.35184135977335
21916070.0,254.86167304538,549.6741214057508,413.59021517758833,457.2603305785124,348.2725159790819,624.6052356020942,498.6565217391304
21916070.0,255.70264317180616,551.0305466237942,542.8826291079812,460.44769874476987,355.8357620757414,623.2362869198312,498.6766958424508
21916070.0,194.59722222222223,486.2291666666667,367.5263157894737,360.15384615384613,248.06513409961687,503.0857142857143,510.9008436199119
21916070.0,204.5771028037383,519.221384321147,454.48979591836735,462.8448275862069,288.6184538653367,576.9289099526067,438.1496437054632
21916070.0,187.24848484848485,471.9259259259259,359.8,358.57142857142856,257.6996699669967,567.7559673097646,401.56875
21916070.0,253.71567567567567,549.8700475435816,404.8304481289668,456.7448559670782,347.8840413318025,626.2367601246106,497.5145005370569
21916070.0,254.61811238406983,550.1467304625199,541.911214953271,457.2603305785124,348.45536231884057,625.2583682008368,502.7494585291618
21916070.0,255.48160351455243,550.3878205128206,533.8462956877194,459.5125,347.7203736135435,622.4437434279705,498.40065502183404
21916070.0,255.6549744897959,559.9499072356215,556.7765957446809,473.8779342723005,350.4196157735086,615.3361650485436,397.6945917449088
21916070.0,188.0,508.58730158730157,374.22727272727275,374.6,269.8048780487805,532.4895833333334,402.6694300143546
21916070.0,185.97058823529412,576.0682790314659,315.0833333333333,386.29411764705884,213.848,381.60526315789474,312.04347826086956
21916070.0,259.2634005763689,558.739932885906,429.1062771229262,468.1904761904762,351.912511471398,627.2926292629263,503.67997718197375
21916070.0,191.54777070063693,476.78846153846155,435.10954709361965,365.3703703703704,253.28321678321677,502.8181818181818,411.39473684210526
21916070.0,254.26384364820848,549.7488076311606,541.911214953271,456.7448559670782,347.940582636285,624.978125,444.24995148525306
21916070.0,196.1851851851852,314.3666666666667,322.0,473.3378132450586,219.39735099337747,378.8888888888889,362.8048780487805
21916070.0,246.20531929868633,535.6602316602317,504.4597701149425,450.33663366336634,310.20150273224044,563.6572890025575,487.13935483870966
21916070.0,259.38676554478036,557.5125208681135,549.0434782608696,468.1904761904762,258.8157328931175,626.2081051478642,502.35184135977335
21916070.0,254.86167304538,481.21595020171003,541.911214953271,457.2603305785124,348.2725159790819,624.6052356020942,498.6565217391304
21916070.0,256.36780420651195,551.0305466237942,542.8826291079812,460.44769874476987,347.85108250438856,623.2362869198312,498.6766958424508
21916070.0,194.59722222222223,486.2291666666667,367.5263157894737,466.2502583044661,248.06513409961687,503.0857142857143,411.17391304347825
21916070.0,204.5771028037383,513.3216783216783,454.48979591836735,462.8448275862069,288.6184538653367,615.5935079079744,438.1496437054632
21916070.0,187.24848484848485,471.9259259259259,359.8,358.57142857142856,257.6996699669967,503.44444444444446,427.0162193429702
21916070.0,253.71567567567567,549.8700475435816,541.911214953271,456.7448559670782,273.71361982212034,626.2367601246106,497.5145005370569
21916070.0,254.61811238406983,550.1467304625199,541.911214953271,457.2603305785124,351.11506948478035,625.2583682008368,498.4322125813449
21916070.0,255.48160351455243,550.3878205128206,553.3914801050189,459.5125,347.7203736135435,622.4437434279705,498.40065502183404
21916070.0,255.6549744897959,510.43164977499515,556.7765957446809,473.8779342723005,350.4196157735086,615.3361650485436,499.90201005025125
21916070.0,237.99519729795819,508.58730158730157,374.22727272727275,374.6,269.8048780487805,532.4895833333334,425.38860103626945
21916070.0,185.97058823529412,518.218633035278,315.0833333333333,386.29411764705884,213.848,381.60526315789474,312.04347826086956
21916070.0,259.2634005763689,558.739932885906,549.0434782608696,468.1904761904762,319.68088630794335,627.2926292629263,503.67997718197375
21916070.0,191.54777070063693,476.78846153846155,359.8,365.3703703703704,316.8799297591064,502.8181818181818,411.39473684210526
21916070.0,254.26384364820848,549.7488076311606,541.911214953271,456.7448559670782,347.940582636285,624.978125,447.9052332814067
21916070.0,196.1851851851852,314.3666666666667,427.931020460338,373.1111111111111,219.39735099337747,378.8888888888889,362.8048780487805
21916070.0,223.5971685971686,535.6602316602317,504.4597701149425,454.24579388216193,310.20150273224044,563.6572890025575,487.13935483870966
21916070.0,259.38676554478036,557.5125208681135,549.0434782608696,468.1904761904762,350.90069845126027,626.2081051478642,481.32988163547935
21916070.0,254.86167304538,549.6741214057508,475.65770996784664,457.2603305785124,348.2725159790819,624.6052356020942,498.6565217391304
21916070.0,255.70264317180616,551.0305466237942,542.8826291079812,460.44769874476987,287.1866283562141,623.2362869198312,498.6766958424508
21916070.0,194.59722222222223,486.2291666666667,410.00818696796796,360.15384615384613,248.06513409961687,503.0857142857143,411.17391304347825
21916070.0,204.5771028037383,513.3216783216783,454.48979591836735,462.8448275862069,288.6184538653367,576.9289099526067,447.55820327685814
21916070.0,187.24848484848485,559.3686758184019,359.8,358.57142857142856,257.6996699669967,503.44444444444446,401.56875
21916070.0,253.71567567567567,549.8700475435816,541.911214953271,456.7448559670782,347.8840413318025,626.2367601246106,456.9556133428408
21916070.0,254.61811238406983,550.1467304625199,541.911214953271,457.2603305785124,348.45536231884057,625.2583682008368,474.62908416910733
21916070.0,255.48160351455243,550.3878205128206,541.911214953271,459.5125,347.7203736135435,622.4437434279705,463.08452648069675
21916070.0,255.6549744897959,559.9499072356215,461.7421131615183,473.8779342723005,350.4196157735086,615.3361650485436,499.90201005025125
21916070.0,231.82781830102266,508.58730158730157,374.22727272727275,374.6,269.8048780487805,532.4895833333334,425.38860103626945
21916070.0,185.97058823529412,315.46153846153845,315.0833333333333,441.2827014719592,213.848,381.60526315789474,312.04347826086956
21916070.0,259.2634005763689,558.739932885906,549.0434782608696,468.1904761904762,351.912511471398,627.2926292629263,491.5015260888184
21916070.0,191.54777070063693,567.9187716182587,359.8,365.3703703703704,253.28321678321677,502.8181818181818,411.39473684210526
21916070.0,254.26384364820848,549.7488076311606,474.00165721983734,456.7448559670782,347.940582636285,624.978125,498.2185644900162
21916070.0,196.1851851851852,533.8323975977479,322.0,373.1111111111111,219.39735099337747,378.8888888888889,362.8048780487805
21916070.0,223.5971685971686,535.6602316602317,504.4597701149425,450.33663366336634,310.20150273224044,537.8906500791751,487.13935483870966
21916070.0,259.38676554478036,557.5125208681135,549.0434782608696,468.1904761904762,350.90069845126027,561.7613064237595,502.35184135977335
21916070.0,254.86167304538,549.6741214057508,541.911214953271,457.2603305785124,348.2725159790819,601.6698353310846,498.6565217391304
21916070.0,255.70264317180616,551.0305466237942,542.8826291079812,460.44769874476987,346.5311426336394,623.2362869198312,498.6766958424508
21916070.0,194.59722222222223,486.2291666666667,409.0935642360351,360.15384615384613,248.06513409961687,503.0857142857143,411.17391304347825
21916070.0,204.5771028037383,513.3216783216783,454.48979591836735,462.8448275862069,288.6184538653367,576.9289099526067,505.9403166764725
21916070.0,232.55968274350954,471.9259259259259,359.8,358.57142857142856,257.6996699669967,503.44444444444446,401.56875
21916070.0,253.71567567567567,543.7340555126349,541.911214953271,456.7448559670782,347.8840413318025,626.2367601246106,497.5145005370569
21916070.0,254.61811238406983,550.1467304625199,541.911214953271,462.03388402288004,348.45536231884057,625.2583682008368,498.4322125813449
21916070.0,255.48160351455243,550.3878205128206,541.911214953271,459.5125,347.7203736135435,622.4437434279705,492.23148604060106
21916070.0,256.9635925127805,559.9499072356215,556.7765957446809,473.8779342723005,350.4196157735086,615.3361650485436,499.90201005025125
21916070.0,188.0,496.6090511758219,374.22727272727275,374.6,269.8048780487805,532.4895833333334,425.38860103626945
21916070.0,255.06017597569948,315.46153846153845,315.0833333333333,386.29411764705884,213.848,381.60526315789474,312.04347826086956
21916070.0,259.2634005763689,558.739932885906,549.0434782608696,468.1904761904762,351.912511471398,544.6354769636552,503.67997718197375
21916070.0,191.54777070063693,476.78846153846155,421.8399186401816,365.3703703703704,253.28321678321677,502.8181818181818,411.39473684210526
21916070.0,254.26384364820848,549.7488076311606,541.911214953271,456.7448559670782,347.940582636285,624.978125,487.88559846536225
21916070.0,196.1851851851852,314.3666666666667,322.0,373.1111111111111,288.20343912091187,378.8888888888889,362.8048780487805
21916070.0,223.5971685971686,535.6602316602317,379.84184236851485,450.33663366336634,310.20150273224044,563.6572890025575,487.13935483870966
21916070.0,244.56852032469934,557.5125208681135,549.0434782608696,468.1904761904762,350.90069845126027,626.2081051478642,502.35184135977335
21916070.0,254.86167304538,546.5776549912672,541.911214953271,457.2603305785124,348.2725159790819,624.6052356020942,498.6565217391304
21916070.0,255.70264317180616,551.0305466237942,542.8826291079812,422.91130780605295,347.85108250438856,623.2362869198312,498.6766958424508
21916070.0,194.59722222222223,486.2291666666667,367.5263157894737,360.15384615384613,248.06513409961687,583.3098677165646,411.17391304347825
21916070.0,204.5771028037383,513.3216783216783,454.48979591836735,446.80488237964335,288.6184538653367,576.9289099526067,438.1496437054632
21916070.0,187.24848484848485,471.9259259259259,359.8,358.57142857142856,257.6996699669967,503.44444444444446,401.15469881079486
21916070.0,253.71567567567567,549.8700475435816,541.911214953271,415.50724005613085,347.8840413318025,626.2367601246106,497.5145005370569
21916070.0,254.61811238406983,550.1467304625199,541.911214953271,457.2603305785124,267.4214732971748,625.2583682008368,498.4322125813449
21916070.0,255.48160351455243,550.3878205128206,541.911214953271,459.5125,347.7203736135435,525.1404409612271,498.40065502183404
21916070.0,255.6549744897959,559.9499072356215,556.7765957446809,473.8779342723005,350.4196157735086,615.3361650485436,399.48913877807774
21916070.0,188.0,508.58730158730157,374.22727272727275,467.25669843778275,269.8048780487805,532.4895833333334,425.38860103626945
21916070.0,185.97058823529412,434.6778795730679,315.0833333333333,386.29411764705884,213.848,381.60526315789474,312.04347826086956
21916070.0,259.2634005763689,558.739932885906,549.0434782608696,468.1904761904762,343.7589335701595,627.2926292629263,503.67997718197375
21916070.0,191.54777070063693,476.78846153846155,375.0030517329708,365.3703703703704,253.28321678321677,502.8181818181818,411.39473684210526
21916070.0,254.26384364820848,539.5813088887619,541.911214953271,456.7448559670782,347.940582636285,624.978125,498.2185644900162
21916070.0,196.1851851851852,314.3666666666667,322.0,373.1111111111111,219.39735099337747,569.0694427962817,362.8048780487805
21916070.0,216.16152628012009,535.6602316602317,504.4597701149425,450.33663366336634,310.20150273224044,563.6572890025575,487.13935483870966
21916070.0,259.38676554478036,557.5125208681135,549.0434782608696,468.1904761904762,350.90069845126027,626.2081051478642,496.3317291790008
21916070.0,216.17857008693986,549.6741214057508,541.911214953271,457.2603305785124,348.2725159790819,624.6052356020942,498.6565217391304
21916070.0,255.70264317180616,581.0372022934727,542.8826291079812,460.44769874476987,347.85108250438856,623.2362869198312,498.6766958424508
21916070.0,194.59722222222223,486.2291666666667,367.5263157894737,360.15384615384613,248.06513409961687,503.0857142857143,471.613695801487
21916070.0,204.5771028037383,513.3216783216783,454.48979591836735,444.4099397404548,288.6184538653367,576.9289099526067,438.1496437054632
21916070.0,187.24848484848485,471.9259259259259,359.8,358.57142857142856,269.559774689788,503.44444444444446,401.56875
21916070.0,253.71567567567567,549.8700475435816,541.911214953271,456.7448559670782,347.8840413318025,626.2367601246106,432.738672456907
21916070.0,206.54738973066102,550.1467304625199,541.911214953271,457.2603305785124,348.45536231884057,625.2583682008368,498.4322125813449
21916070.0,255.48160351455243,569.5964822879251,541.911214953271,459.5125,347.7203736135435,622.4437434279705,498.40065502183404
21916070.0,255.6549744897959,559.9499072356215,556.7765957446809,473.8779342723005,350.4196157735086,586.0317940102327,499.90201005025125
21916070.0,188.0,508.58730158730157,374.22727272727275,374.6,269.8048780487805,532.4895833333334,481.99723959740425
21916070.0,185.97058823529412,315.46153846153845,315.0833333333333,386.29411764705884,213.848,616.4933293290276,312.04347826086956
21916070.0,248.43434727607956,558.739932885906,549.0434782608696,468.1904761904762,351.912511471398,627.2926292629263,503.67997718197375
21916070.0,191.54777070063693,476.78846153846155,359.8,365.3703703703704,253.28321678321677,603.1587976478327,411.39473684210526
21916070.0,254.26384364820848,549.7488076311606,541.911214953271,456.7448559670782,347.940582636285,543.3830111357718,498.2185644900162
21916070.0,196.1851851851852,481.73638218623887,322.0,373.1111111111111,219.39735099337747,378.8888888888889,362.8048780487805
21916070.0,223.5971685971686,535.6602316602317,504.4597701149425,450.33663366336634,338.3863688415773,563.6572890025575,487.13935483870966
21916070.0,231.71355089423608,557.5125208681135,549.0434782608696,468.1904761904762,350.90069845126027,626.2081051478642,502.35184135977335
21916070.0,254.86167304538,549.6741214057508,541.911214953271,457.2603305785124,348.2725159790819,624.6052356020942,427.9583267359
21916070.0,255.70264317180616,551.0305466237942,542.8826291079812,460.44769874476987,347.85108250438856,623.2362869198312,427.41333108324807
21916070.0,194.59722222222223,486.2291666666667,367.5263157894737,360.15384615384613,248.06513409961687,597.2169280961274,411.17391304347825
21916070.0,204.5771028037383,513.3216783216783,454.48979591836735,462.8448275862069,288.6184538653367,576.9289099526067,427.2105009945931
21916070.0,187.24848484848485,471.9259259259259,359.8,474.3495256210171,257.6996699669967,503.44444444444446,401.56875
21916070.0,253.71567567567567,545.6958113343754,541.911214953271,456.7448559670782,347.8840413318025,626.2367601246106,497.5145005370569
21916070.0,254.61811238406983,550.1467304625199,541.911214953271,433.6127305090304,348.45536231884057,625.2583682008368,498.4322125813449
21916070.0,236.326415300152,550.3878205128206,541.911214953271,459.5125,347.7203736135435,622.4437434279705,498.40065502183404
21916070.0,255.6549744897959,527.8228876390003,556.7765957446809,473.8779342723005,350.4196157735086,615.3361650485436,499.90201005025125
21916070.0,253.0300291001343,508.58730158730157,374.22727272727275,374.6,269.8048780487805,532.4895833333334,425.38860103626945
21916070.0,185.97058823529412,315.46153846153845,528.4837855607257,386.29411764705884,213.848,381.60526315789474,312.04347826086956
21916070.0,208.4480957919169,558.739932885906,549.0434782608696,468.1904761904762,351.912511471398,627.2926292629263,503.67997718197375
21916070.0,191.54777070063693,476.78846153846155,359.8,365.3703703703704,253.28321678321677,502.8181818181818,450.49041386265367
21916070.0,254.26384364820848,554.3270799780652,541.911214953271,456.7448559670782,347.940582636285,624.978125,498.2185644900162
21916070.0,196.1851851851852,314.3666666666667,322.0,373.1111111111111,270.79048511195884,378.8888888888889,362.8048780487805
21916070.0,223.5971685971686,535.6602316602317,546.3866204791963,450.33663366336634,310.20150273224044,563.6572890025575,487.13935483870966
21916070.0,259.38676554478036,502.19649707011524,549.0434782608696,468.1904761904762,350.90069845126027,626.2081051478642,502.35184135977335
21916070.0,254.86167304538,549.6741214057508,541.911214953271,457.2603305785124,260.2184263726507,624.6052356020942,498.6565217391304
21916070.0,248.25053059079343,551.0305466237942,542.8826291079812,460.44769874476987,347.85108250438856,623.2362869198312,498.6766958424508
21916070.0,194.59722222222223,486.2291666666667,374.6194543170982,360.15384615384613,248.06513409961687,503.0857142857143,411.17391304347825
21916070.0,204.5771028037383,513.3216783216783,454.48979591836735,462.8448275862069,288.6184538653367,576.9289099526067,406.05957762765115
21916070.0,187.24848484848485,471.9259259259259,359.8,438.6214321554481,257.6996699669967,503.44444444444446,401.56875
21916070.0,253.71567567567567,549.8700475435816,541.911214953271,456.7448559670782,301.00867761435563,626.2367601246106,497.5145005370569
21916070.0,254.61811238406983,550.1467304625199,541.911214953271,457.2603305785124,348.45536231884057,625.2583682008368,441.23021976482346
21916070.0,255.48160351455243,550.3878205128206,560.4603651400342,459.5125,347.7203736135435,622.4437434279705,498.40065502183404
21916070.0,255.6549744897959,559.9499072356215,556.7765957446809,473.8779342723005,350.4196157735086,615.3361650485436,471.7313056347861
21916070.0,188.0,477.4193417715989,374.22727272727275,374.6,269.8048780487805,532.4895833333334,425.38860103626945
21916070.0,207.7957576753616,315.46153846153845,315.0833333333333,386.29411764705884,213.848,381.60526315789474,312.04347826086956
21916070.0,259.2634005763689,431.20251328099664,549.0434782608696,468.1904761904762,351.912511471398,627.2926292629263,503.67997718197375
21916070.0,191.54777070063693,476.78846153846155,359.8,365.3703703703704,274.30189794140335,502.8181818181818,411.39473684210526
21916070.0,254.26384364820848,549.7488076311606,541.911214953271,442.0801931867811,347.940582636285,624.978125,498.2185644900162
21916070.0,196.1851851851852,314.3666666666667,322.0,373.1111111111111,219.39735099337747,530.6518480648386,362.8048780487805
21916070.0,223.5971685971686,535.6602316602317,504.4597701149425,466.4116152476331,310.20150273224044,563.6572890025575,487.13935483870966
21916070.0,259.38676554478036,557.5125208681135,549.0434782608696,468.1904761904762,333.68608740436144,626.2081051478642,502.35184135977335
21916070.0,254.86167304538,549.6741214057508,541.911214953271,457.2603305785124,348.2725159790819,506.6845521840756,498.6565217391304
21916070.0,255.70264317180616,551.0305466237942,542.8826291079812,460.44769874476987,347.85108250438856,623.2362869198312,505.98302321900013
21916070.0,194.59722222222223,486.2291666666667,367.5263157894737,388.0418378328783,248.06513409961687,503.0857142857143,411.17391304347825
21916070.0,204.5771028037383,513.3216783216783,488.16391006049963,462.8448275862069,288.6184538653367,576.9289099526067,438.1496437054632
21916070.0,187.24848484848485,471.9259259259259,359.8,358.57142857142856,332.5398959189257,503.44444444444446,401.56875
21916070.0,253.71567567567567,549.8700475435816,541.911214953271,456.7448559670782,347.8840413318025,530.3985921933989,497.5145005370569
21916070.0,254.61811238406983,550.1467304625199,541.911214953271,457.2603305785124,348.45536231884057,625.2583682008368,491.4591108379459
21916070.0,255.48160351455243,550.3878205128206,541.911214953271,399.61547146663395,347.7203736135435,622.4437434279705,498.40065502183404
21916070.0,255.6549744897959,559.9499072356215,556.7765957446809,456.42721220306805,350.4196157735086,615.3361650485436,499.90201005025125
21916070.0,188.0,575.5991760071752,374.22727272727275,374.6,269.8048780487805,532.4895833333334,425.38860103626945
21916070.0,218.8930125706957,315.46153846153845,315.0833333333333,386.29411764705884,213.848,381.60526315789474,312.04347826086956
21916070.0,197.87775404157995,558.739932885906,549.0434782608696,468.1904761904762,351.912511471398,627.2926292629263,503.67997718197375
21916070.0,207.44622083047045,476.78846153846155,359.8,365.3703703703704,253.28321678321677,502.8181818181818,411.39473684210526
21916070.0,254.26384364820848,549.7488076311606,541.911214953271,456.7448559670782,325.72500048341743,624.978125,498.2185644900162
21916070.0,216.68598581344577,314.3666666666667,322.0,373.1111111111111,219.39735099337747,378.8888888888889,362.8048780487805
21916070.0,223.5971685971686,535.6602316602317,504.4597701149425,450.33663366336634,310.20150273224044,563.6572890025575,461.99517262136317
21916070.0,259.38676554478036,557.5125208681135,549.0434782608696,468.1904761904762,350.90069845126027,626.2081051478642,478.60773547763233
21916070.0,254.86167304538,549.6741214057508,541.911214953271,390.45817990154933,348.2725159790819,624.6052356020942,498.6565217391304
21916070.0,230.18013150013024,551.0305466237942,542.8826291079812,460.44769874476987,347.85108250438856,623.2362869198312,498.6766958424508
21916070.0,194.59722222222223,486.2291666666667,367.5263157894737,455.3604122328183,248.06513409961687,503.0857142857143,411.17391304347825
21916070.0,204.5771028037383,513.3216783216783,454.48979591836735,462.8448275862069,288.6184538653367,576.9289099526067,505.8191382864143
21916070.0,237.30629445560717,471.9259259259259,359.8,358.57142857142856,257.6996699669967,503.44444444444446,401.56875
21916070.0,249.2654358293897,549.8700475435816,541.911214953271,456.7448559670782,347.8840413318025,626.2367601246106,497.5145005370569
21916070.0,217.37141851155886,550.1467304625199,541.911214953271,457.2603305785124,348.45536231884057,625.2583682008368,498.4322125813449
21916070.0,226.1072853444527,550.3878205128206,541.911214953271,459.5125,347.7203736135435,622.4437434279705,498.40065502183404
21916070.0,205.99953722266733,559.9499072356215,556.7765957446809,473.8779342723005,350.4196157735086,615.3361650485436,499.90201005025125
21916070.0,188.0,508.58730158730157,374.22727272727275,374.6,318.9986276698834,532.4895833333334,425.38860103626945
21916070.0,185.97058823529412,315.46153846153845,555.2866263881009,386.29411764705884,213.848,381.60526315789474,312.04347826086956
21916070.0,220.10267369181204,558.739932885906,549.0434782608696,468.1904761904762,351.912511471398,627.2926292629263,503.67997718197375
21916070.0,191.54777070063693,574.8429276581804,359.8,365.3703703703704,253.28321678321677,502.8181818181818,411.39473684210526
21916070.0,254.26384364820848,549.7488076311606,541.911214953271,456.7448559670782,347.940582636285,503.12066548751545,498.2185644900162
21916070.0,196.1851851851852,549.2127547746863,322.0,373.1111111111111,219.39735099337747,378.8888888888889,362.8048780487805
21916070.0,223.5971685971686,527.6009380860895,504.4597701149425,450.33663366336634,310.20150273224044,563.6572890025575,487.13935483870966
21916070.0,259.38676554478036,574.6472518322174,549.0434782608696,468.1904761904762,350.90069845126027,626.2081051478642,502.35184135977335
21916070.0,254.86167304538,549.6741214057508,541.911214953271,457.2603305785124,288.2560241098117,624.6052356020942,498.6565217391304
21916070.0,226.83866197575423,551.0305466237942,542.8826291079812,460.44769874476987,347.85108250438856,623.2362869198312,498.6766958424508
21916070.0,194.59722222222223,486.2291666666667,367.5263157894737,360.15384615384613,248.06513409961687,592.1537684464066,411.17391304347825
21916070.0,210.57474988939092,513.3216783216783,454.48979591836735,462.8448275862069,288.6184538653367,576.9289099526067,438.1496437054632
21916070.0,187.24848484848485,471.9259259259259,359.8,358.57142857142856,257.6996699669967,525.6808820112626,401.56875
21916070.0,253.71567567567567,578.2290432079734,541.911214953271,456.7448559670782,347.8840413318025,626.2367601246106,497.5145005370569
21916070.0,254.61811238406983,550.1467304625199,416.81160602318147,457.2603305785124,348.45536231884057,625.2583682008368,498.4322125813449
21916070.0,255.48160351455243,550.3878205128206,541.911214953271,425.40466298878044,347.7203736135435,622.4437434279705,498.40065502183404
21916070.0,255.6549744897959,559.9499072356215,556.7765957446809,473.8779342723005,268.5781565935414,615.3361650485436,499.90201005025125
21916070.0,188.0,508.58730158730157,374.22727272727275,374.6,334.01793504132235,532.4895833333334,425.38860103626945
21916070.0,185.97058823529412,572.6519304386487,315.0833333333333,386.29411764705884,213.848,381.60526315789474,312.04347826086956
21916070.0,239.7756223031449,558.739932885906,549.0434782608696,468.1904761904762,351.912511471398,627.2926292629263,503.67997718197375
21916070.0,191.54777070063693,476.78846153846155,359.8,365.3703703703704,253.28321678321677,612.7793330343716,411.39473684210526
21916070.0,254.26384364820848,431.2504759495493,541.911214953271,456.7448559670782,347.940582636285,624.978125,498.2185644900162
21916070.0,196.1851851851852,314.3666666666667,322.0,373.1111111111111,219.39735099337747,378.8888888888889,434.77114459558
21916070.0,198.6383700468318,535.6602316602317,504.4597701149425,450.33663366336634,310.20150273224044,563.6572890025575,487.13935483870966
21916070.0,259.38676554478036,557.5125208681135,549.0434782608696,468.1904761904762,350.90069845126027,626.2081051478642,505.82946146559703
21916070.0,254.86167304538,549.6741214057508,541.911214953271,457.2603305785124,317.5447625917727,624.6052356020942,498.6565217391304
21916070.0,255.70264317180616,551.0305466237942,542.8826291079812,460.44769874476987,347.85108250438856,623.2362869198312,414.69240878189885
21916070.0,194.59722222222223,486.2291666666667,367.5263157894737,360.15384615384613,248.06513409961687,503.0857142857143,441.44365137011204
21916070.0,222.7690861950058,513.3216783216783,454.48979591836735,462.8448275862069,288.6184538653367,576.9289099526067,438.1496437054632
21916070.0,187.24848484848485,471.9259259259259,359.8,358.57142857142856,348.8001856385167,503.44444444444446,401.56875
21916070.0,253.71567567567567,549.8700475435816,508.36805262899225,456.7448559670782,347.8840413318025,626.2367601246106,497.5145005370569
21916070.0,254.61811238406983,484.7371394201015,541.911214953271,457.2603305785124,348.45536231884057,625.2583682008368,498.4322125813449
21916070.0,255.48160351455243,511.02449923762504,541.911214953271,459.5125,347.7203736135435,622.4437434279705,498.40065502183404
21916070.0,204.4476455066045,559.9499072356215,556.7765957446809,473.8779342723005,350.4196157735086,615.3361650485436,499.90201005025125
21916070.0,188.0,508.58730158730157,374.22727272727275,374.6,322.4269069659389,532.4895833333334,425.38860103626945
21916070.0,223.5809698567264,315.46153846153845,315.0833333333333,386.29411764705884,213.848,381.60526315789474,312.04347826086956
21916070.0,259.2634005763689,558.739932885906,549.0434782608696,405.5529866184467,351.912511471398,627.2926292629263,503.67997718197375
21916070.0,191.54777070063693,476.78846153846155,359.8,403.66955648313075,253.28321678321677,502.8181818181818,411.39473684210526
21916070.0,254.26384364820848,549.7488076311606,541.911214953271,405.04213201254623,347.940582636285,624.978125,498.2185644900162
21916070.0,196.1851851851852,314.3666666666667,322.0,419.3885254215647,219.39735099337747,378.8888888888889,362.8048780487805
21916070.0,223.5971685971686,535.6602316602317,504.4597701149425,450.33663366336634,261.44427009119204,563.6572890025575,487.13935483870966
21916070.0,259.38676554478036,557.5125208681135,562.483532090161,468.1904761904762,350.90069845126027,626.2081051478642,502.35184135977335
21916070.0,254.86167304538,549.6741214057508,541.911214953271,457.2603305785124,292.7574679153143,624.6052356020942,498.6565217391304
21916070.0,234.51856577422555,551.0305466237942,542.8826291079812,460.44769874476987,347.85108250438856,623.2362869198312,498.6766958424508
21916070.0,194.59722222222223,486.2291666666667,367.5263157894737,360.15384615384613,248.06513409961687,503.0857142857143,452.61463738011037
21916070.0,204.5771028037383,471.114641190996,454.48979591836735,462.8448275862069,288.6184538653367,576.9289099526067,438.1496437054632
21916070.0,187.24848484848485,471.9259259259259,359.8,358.57142857142856,287.5630881139914,503.44444444444446,401.56875
21916070.0,253.71567567567567,549.8700475435816,541.911214953271,456.7448559670782,347.8840413318025,626.2367601246106,442.72991080090975
21916070.0,254.61811238406983,550.1467304625199,541.911214953271,457.2603305785124,348.45536231884057,496.3834667903336,498.4322125813449
21916070.0,255.48160351455243,550.3878205128206,541.911214953271,459.5125,347.7203736135435,622.4437434279705,402.3700597691979
21916070.0,255.6549744897959,559.9499072356215,556.7765957446809,473.8779342723005,350.4196157735086,544.2480855488338,499.90201005025125
21916070.0,188.0,508.58730158730157,374.22727272727275,374.6,269.8048780487805,532.4895833333334,446.3019837905868
21916070.0,185.97058823529412,315.46153846153845,315.0833333333333,386.29411764705884,213.848,381.60526315789474,511.8390908659731
21916070.0,259.2634005763689,558.739932885906,549.0434782608696,467.58966953965563,351.912511471398,627.2926292629263,503.67997718197375
21916070.0,191.54777070063693,476.78846153846155,359.8,365.3703703703704,253.28321678321677,555.6807160800598,411.39473684210526
21916070.0,254.26384364820848,549.7488076311606,541.911214953271,397.85308771036847,347.940582636285,624.978125,498.2185644900162
21916070.0,196.1851851851852,314.3666666666667,463.67235249544535,373.1111111111111,219.39735099337747,378.8888888888889,362.8048780487805
21916070.0,223.5971685971686,519.8515504603084,504.4597701149425,450.33663366336634,310.20150273224044,563.6572890025575,487.13935483870966
21916070.0,259.38676554478036,557.5125208681135,549.0434782608696,468.1904761904762,350.90069845126027,626.2081051478642,430.09707154226794
21916070.0,254.86167304538,549.6741214057508,541.911214953271,457.2603305785124,265.9428008933412,624.6052356020942,498.6565217391304
21916070.0,255.70264317180616,551.0305466237942,439.34015984989685,460.44769874476987,347.85108250438856,623.2362869198312,498.6766958424508
21916070.0,194.59722222222223,486.2291666666667,367.5263157894737,360.15384615384613,248.06513409961687,538.4179406451735,411.17391304347825
21916070.0,204.5771028037383,513.3216783216783,454.48979591836735,440.6982976049645,288.6184538653367,576.9289099526067,438.1496437054632
21916070.0,187.24848484848485,471.9259259259259,359.8,358.57142857142856,257.6996699669967,503.44444444444446,402.9821478713439
21916070.0,253.71567567567567,549.8700475435816,407.53785913162545,456.7448559670782,347.8840413318025,626.2367601246106,497.5145005370569
21916070.0,254.61811238406983,550.1467304625199,541.911214953271,457.2603305785124,287.883786283888,625.2583682008368,498.4322125813449
21916070.0,255.48160351455243,550.3878205128206,541.911214953271,441.0778082873622,347.7203736135435,622.4437434279705,498.40065502183404
21916070.0,255.6549744897959,559.9499072356215,478.21751639720355,473.8779342723005,350.4196157735086,615.3361650485436,499.90201005025125
21916070.0,239.47648741784204,508.58730158730157,374.22727272727275,374.6,269.8048780487805,532.4895833333334,425.38860103626945
21916070.0,185.97058823529412,315.46153846153845,444.95275308770726,386.29411764705884,213.848,381.60526315789474,312.04347826086956
21916070.0,259.2634005763689,482.07472407137993,549.0434782608696,468.1904761904762,351.912511471398,627.2926292629263,503.67997718197375
21916070.0,191.54777070063693,445.34560420175876,359.8,365.3703703703704,253.28321678321677,502.8181818181818,411.39473684210526
21916070.0,254.26384364820848,549.7488076311606,405.4356499549455,456.7448559670782,347.940582636285,624.978125,498.2185644900162
21916070.0,196.1851851851852,314.3666666666667,322.0,435.80297881241665,219.39735099337747,378.8888888888889,362.8048780487805
21916070.0,223.5971685971686,535.6602316602317,504.4597701149425,390.06694669906847,310.20150273224044,563.6572890025575,487.13935483870966
21916070.0,259.38676554478036,557.5125208681135,549.0434782608696,468.1904761904762,350.90069845126027,596.9427240968267,502.35184135977335
21916070.0,245.53666382247437,549.6741214057508,541.911214953271,457.2603305785124,348.2725159790819,624.6052356020942,498.6565217391304
21916070.0,255.70264317180616,551.0305466237942,542.8826291079812,460.44769874476987,329.4106577103559,623.2362869198312,498.6766958424508
21916070.0,194.59722222222223,454.49518470622894,367.5263157894737,360.15384615384613,248.06513409961687,503.0857142857143,411.17391304347825
21916070.0,204.5771028037383,453.75596189080625,454.48979591836735,462.8448275862069,288.6184538653367,576.9289099526067,438.1496437054632
21916070.0,229.5263723860972,471.9259259259259,359.8,358.57142857142856,257.6996699669967,503.44444444444446,401.56875
21916070.0,253.71567567567567,549.8700475435816,541.911214953271,456.7448559670782,347.8840413318025,626.2367601246106,454.7964590623558
21916070.0,254.61811238406983,550.1467304625199,541.911214953271,457.2603305785124,330.4105503456975,625.2583682008368,498.4322125813449
21916070.0,255.48160351455243,550.3878205128206,541.911214953271,459.5125,347.7203736135435,611.3789655711553,498.40065502183404
21916070.0,255.6549744897959,559.9499072356215,556.7765957446809,473.8779342723005,350.4196157735086,498.36280184756157,499.90201005025125
21916070.0,188.0,508.58730158730157,374.22727272727275,374.6,269.8048780487805,532.4895833333334,495.5092861411097
21916070.0,185.97058823529412,315.46153846153845,315.0833333333333,386.29411764705884,213.848,381.60526315789474,498.4740042422811
21916070.0,259.2634005763689,481.39099033348754,549.0434782608696,468.1904761904762,351.912511471398,627.2926292629263,503.67997718197375
21916070.0,191.54777070063693,476.78846153846155,359.8,365.3703703703704,354.47147363760695,502.8181818181818,411.39473684210526
21916070.0,254.26384364820848,549.7488076311606,541.911214953271,456.7448559670782,326.1992368701653,624.978125,498.2185644900162
21916070.0,196.1851851851852,314.3666666666667,322.0,473.07036398901005,219.39735099337747,378.8888888888889,362.8048780487805
21916070.0,223.5971685971686,535.6602316602317,504.4597701149425,450.33663366336634,310.20150273224044,571.5578829112452,487.13935483870966
21916070.0,259.38676554478036,564.9191625466276,549.0434782608696,468.1904761904762,350.90069845126027,626.2081051478642,502.35184135977335
21916070.0,254.86167304538,549.6741214057508,541.911214953271,414.7710334581439,348.2725159790819,624.6052356020942,498.6565217391304
21916070.0,255.70264317180616,551.0305466237942,542.8826291079812,429.84987217129407,347.85108250438856,623.2362869198312,498.6766958424508
21916070.0,194.59722222222223,486.2291666666667,367.5263157894737,474.1039954146932,248.06513409961687,503.0857142857143,411.17391304347825
21916070.0,204.5771028037383,513.3216783216783,454.48979591836735,462.8448275862069,288.6184538653367,576.9289099526067,408.151053939654
21916070.0,187.24848484848485,451.1438104476591,359.8,358.57142857142856,257.6996699669967,503.44444444444446,401.56875
21916070.0,253.71567567567567,549.8700475435816,541.911214953271,456.7448559670782,315.8897080847042,626.2367601246106,497.5145005370569
21916070.0,254.61811238406983,550.1467304625199,541.911214953271,457.2603305785124,348.45536231884057,642.8351584585828,498.4322125813449
21916070.0,255.48160351455243,550.3878205128206,541.911214953271,459.5125,265.3531332986242,622.4437434279705,498.40065502183404
21916070.0,255.6549744897959,559.9499072356215,556.7765957446809,473.8779342723005,350.4196157735086,615.3361650485436,473.00414854344524
21916070.0,188.0,520.7180101220256,374.22727272727275,374.6,269.8048780487805,532.4895833333334,425.38860103626945
21916070.0,185.97058823529412,315.46153846153845,315.0833333333333,386.29411764705884,355.8354647913587,381.60526315789474,312.04347826086956
21916070.0,213.12720683473106,558.739932885906,549.0434782608696,468.1904761904762,351.912511471398,627.2926292629263,503.67997718197375
21916070.0,191.54777070063693,476.78846153846155,359.8,365.3703703703704,253.28321678321677,581.4109263258624,411.39473684210526
21916070.0,254.26384364820848,549.7488076311606,541.911214953271,390.90834925734936,347.940582636285,624.978125,498.2185644900162
21916070.0,196.88217759616708,314.3666666666667,322.0,373.1111111111111,219.39735099337747,378.8888888888889,362.8048780487805
21916070.0,223.5971685971686,535.6602316602317,528.4014715875634,450.33663366336634,310.20150273224044,563.6572890025575,487.13935483870966
21916070.0,259.38676554478036,557.5125208681135,549.0434782608696,412.1967529167803,350.90069845126027,626.2081051478642,502.35184135977335
21916070.0,254.86167304538,549.6741214057508,541.911214953271,457.2603305785124,348.2725159790819,554.3310813492769,498.6565217391304
21916070.0,255.70264317180616,551.0305466237942,542.8826291079812,460.44769874476987,326.35673952114826,623.2362869198312,498.6766958424508
21916070.0,194.59722222222223,486.2291666666667,367.5263157894737,360.15384615384613,248.06513409961687,560.0096133177739,411.17391304347825
21916070.0,204.5771028037383,513.3216783216783,454.48979591836735,462.8448275862069,288.6184538653367,576.9289099526067,423.60825029440986
21916070.0,187.24848484848485,515.4176029879133,359.8,358.57142857142856,257.6996699669967,503.44444444444446,401.56875
21916070.0,253.71567567567567,549.8700475435816,541.911214953271,456.7448559670782,347.8840413318025,626.2367601246106,502.18588460703864
21916070.0,254.61811238406983,550.1467304625199,541.911214953271,457.2603305785124,348.45536231884057,625.2583682008368,497.6657471131492
21916070.0,255.48160351455243,432.22417670929127,541.911214953271,459.5125,347.7203736135435,622.4437434279705,498.40065502183404
21916070.0,255.6549744897959,559.9499072356215,556.7765957446809,473.8779342723005,350.4196157735086,620.8157279104752,499.90201005025125
21916070.0,188.0,508.58730158730157,374.22727272727275,374.6,296.5948156976586,532.4895833333334,425.38860103626945
21916070.0,185.97058823529412,315.46153846153845,315.0833333333333,386.29411764705884,213.848,513.371222878652,312.04347826086956
21916070.0,259.2634005763689,558.739932885906,549.0434782608696,468.1904761904762,351.912511471398,593.0289672046526,503.67997718197375
21916070.0,191.54777070063693,476.78846153846155,378.1499891979834,365.3703703703704,253.28321678321677,502.8181818181818,411.39473684210526
21916070.0,254.26384364820848,570.9997232497624,541.911214953271,456.7448559670782,347.940582636285,624.978125,498.2185644900162
21916070.0,196.1851851851852,565.6467495429565,322.0,373.1111111111111,219.39735099337747,378.8888888888889,362.8048780487805
21916070.0,223.5971685971686,535.6602316602317,504.4597701149425,450.33663366336634,259.85525312728873,563.6572890025575,487.13935483870966
21916070.0,259.38676554478036,557.5125208681135,549.0434782608696,468.0391946948802,350.90069845126027,626.2081051478642,502.35184135977335
21916070.0,237.05645022009872,549.6741214057508,541.911214953271,457.2603305785124,348.2725159790819,624.6052356020942,498.6565217391304
21916070.0,255.70264317180616,551.0305466237942,542.8826291079812,413.67469643436203,347.85108250438856,623.2362869198312,498.6766958424508
21916070.0,194.59722222222223,486.2291666666667,367.5263157894737,360.15384615384613,344.6346518389535,503.0857142857143,411.17391304347825
21916070.0,226.65011323297,513.3216783216783,454.48979591836735,462.8448275862069,288.6184538653367,576.9289099526067,438.1496437054632
21916070.0,213.25482168470438,471.9259259259259,359.8,358.57142857142856,257.6996699669967,503.44444444444446,401.56875
21916070.0,253.71567567567567,549.8700475435816,541.911214953271,456.7448559670782,305.01093599330295,626.2367601246106,497.5145005370569
21916070.0,254.61811238406983,550.1467304625199,541.911214953271,457.2603305785124,348.45536231884057,544.5263651194306,498.4322125813449
21916070.0,255.48160351455243,550.3878205128206,408.315459860573,459.5125,347.7203736135435,622.4437434279705,498.40065502183404
21916070.0,255.6549744897959,559.9499072356215,556.7765957446809,473.8779342723005,291.98446702606117,615.3361650485436,499.90201005025125
21916070.0,188.0,508.58730158730157,534.9715351745856,374.6,269.8048780487805,532.4895833333334,425.38860103626945
21916070.0,185.97058823529412,315.46153846153845,315.0833333333333,386.29411764705884,213.848,381.60526315789474,504.79684465014674
21916070.0,259.2634005763689,558.739932885906,549.0434782608696,389.397629410628,351.912511471398,627.2926292629263,503.67997718197375
21916070.0,226.5339875059913,476.78846153846155,359.8,365.3703703703704,253.28321678321677,502.8181818181818,411.39473684210526
21916070.0,254.26384364820848,549.7488076311606,541.911214953271,456.7448559670782,352.86942154617446,624.978125,498.2185644900162
21916070.0,196.1851851851852,314.3666666666667,322.0,373.1111111111111,263.84605222635474,378.8888888888889,362.8048780487805
21916070.0,223.5971685971686,535.6602316602317,504.4597701149425,404.0912859927191,310.20150273224044,563.6572890025575,487.13935483870966
21916070.0,215.03039692916622,557.5125208681135,549.0434782608696,468.1904761904762,350.90069845126027,626.2081051478642,502.35184135977335
21916070.0,254.86167304538,549.6741214057508,527.3634263593938,457.2603305785124,348.2725159790819,624.6052356020942,498.6565217391304
21916070.0,255.70264317180616,530.4447151200566,542.8826291079812,460.44769874476987,347.85108250438856,623.2362869198312,498.6766958424508
21916070.0,248.4029558712368,486.2291666666667,367.5263157894737,360.15384615384613,248.06513409961687,503.0857142857143,411.17391304347825
21916070.0,204.5771028037383,519.2755784215307,454.48979591836735,462.8448275862069,288.6184538653367,576.9289099526067,438.1496437054632
21916070.0,187.24848484848485,429.3169047778126,359.8,358.57142857142856,257.6996699669967,503.44444444444446,401.56875
21916070.0,253.71567567567567,549.8700475435816,541.911214953271,456.7448559670782,347.8840413318025,626.2367601246106,444.3319436648303
21916070.0,254.61811238406983,550.1467304625199,541.911214953271,457.2603305785124,348.45536231884057,605.0334810822136,498.4322125813449
21916070.0,255.48160351455243,550.3878205128206,541.911214953271,448.3599428436209,347.7203736135435,622.4437434279705,498.40065502183404
21916070.0,255.26643808143416,559.9499072356215,556.7765957446809,473.8779342723005,350.4196157735086,615.3361650485436,499.90201005025125
21916070.0,188.0,508.58730158730157,374.22727272727275,374.6,290.2220310610884,532.4895833333334,425.38860103626945
21916070.0,185.97058823529412,315.46153846153845,315.0833333333333,386.29411764705884,213.848,381.60526315789474,437.09816504730577
21916070.0,239.69946030290717,558.739932885906,549.0434782608696,468.1904761904762,351.912511471398,627.2926292629263,503.67997718197375
21916070.0,191.54777070063693,463.4092828738361,359.8,365.3703703703704,253.28321678321677,502.8181818181818,411.39473684210526
21916070.0,254.26384364820848,549.7488076311606,541.911214953271,456.7448559670782,347.940582636285,624.978125,512.7533108693782
21916070.0,196.1851851851852,314.3666666666667,416.54288005818995,373.1111111111111,219.39735099337747,378.8888888888889,362.8048780487805
21916070.0,223.5971685971686,535.6602316602317,504.4597701149425,415.5330139362258,310.20150273224044,563.6572890025575,487.13935483870966
21916070.0,259.38676554478036,557.5125208681135,549.0434782608696,468.1904761904762,350.12625146744006,626.2081051478642,502.35184135977335
21916070.0,201.13160662489233,549.6741214057508,541.911214953271,457.2603305785124,348.2725159790819,624.6052356020942,498.6565217391304
21916070.0,255.70264317180616,551.0305466237942,542.8826291079812,460.44769874476987,297.9797888315658,623.2362869198312,498.6766958424508
21916070.0,194.59722222222223,486.2291666666667,367.5263157894737,360.15384615384613,248.06513409961687,540.0724177199977,411.17391304347825
21916070.0,204.5771028037383,513.3216783216783,454.48979591836735,461.7569244261421,288.6184538653367,576.9289099526067,438.1496437054632
21916070.0,187.24848484848485,464.1822109415357,359.8,358.57142857142856,257.6996699669967,503.44444444444446,401.56875
21916070.0,253.71567567567567,543.4781679311798,541.911214953271,456.7448559670782,347.8840413318025,626.2367601246106,497.5145005370569
21916070.0,254.61811238406983,550.1467304625199,541.911214953271,443.4153696025471,348.45536231884057,625.2583682008368,498.4322125813449
21916070.0,255.48160351455243,550.3878205128206,541.911214953271,459.5125,347.7203736135435,622.4437434279705,439.00048365071217
21916070.0,255.6549744897959,559.9499072356215,556.7765957446809,439.066945398893,350.4196157735086,615.3361650485436,499.90201005025125
21916070.0,188.0,508.58730158730157,374.22727272727275,374.6,269.8048780487805,532.4895833333334,488.484616683759
21916070.0,185.97058823529412,315.46153846153845,315.0833333333333,415.55072537580173,213.848,381.60526315789474,312.04347826086956
21916070.0,259.2634005763689,558.739932885906,549.0434782608696,468.1904761904762,351.912511471398,627.2926292629263,452.191987626469
21916070.0,191.54777070063693,476.78846153846155,359.8,365.3703703703704,253.28321678321677,597.3220710982343,411.39473684210526
21916070.0,254.26384364820848,549.7488076311606,541.911214953271,456.7448559670782,347.940582636285,631.91976502055,498.2185644900162
21916070.0,196.1851851851852,314.3666666666667,322.0,408.45566533049396,219.39735099337747,378.8888888888889,362.8048780487805
21916070.0,223.5971685971686,535.6602316602317,504.4597701149425,453.22172530161487,310.20150273224044,563.6572890025575,487.13935483870966
21916070.0,259.38676554478036,557.5125208681135,549.0434782608696,468.1904761904762,350.90069845126027,644.8495042105833,502.35184135977335
21916070.0,254.86167304538,549.6741214057508,541.911214953271,457.2603305785124,348.2725159790819,624.6052356020942,409.0449384156357
21916070.0,255.70264317180616,551.0305466237942,396.9189863266179,460.44769874476987,347.85108250438856,623.2362869198312,498.6766958424508
21916070.0,194.59722222222223,481.63037669773274,367.5263157894737,360.15384615384613,248.06513409961687,503.0857142857143,411.17391304347825
21916070.0,204.5771028037383,543.6231297683785,454.48979591836735,462.8448275862069,288.6184538653367,576.9289099526067,438.1496437054632
21916070.0,187.24848484848485,471.9259259259259,468.3799837107119,358.57142857142856,257.6996699669967,503.44444444444446,401.56875
21916070.0,239.4056452118563,549.8700475435816,541.911214953271,456.7448559670782,347.8840413318025,626.2367601246106,497.5145005370569
21916070.0,254.61811238406983,550.1467304625199,541.911214953271,425.5800730763352,348.45536231884057,625.2583682008368,498.4322125813449
21916070.0,255.48160351455243,550.3878205128206,541.911214953271,472.65891941861406,347.7203736135435,622.4437434279705,498.40065502183404
21916070.0,255.6549744897959,559.9499072356215,556.7765957446809,473.8779342723005,339.9893475877266,615.3361650485436,499.90201005025125
21916070.0,188.0,533.1137574513702,374.22727272727275,374.6,269.8048780487805,532.4895833333334,425.38860103626945
21916070.0,185.97058823529412,315.46153846153845,315.0833333333333,386.29411764705884,286.4911793210567,381.60526315789474,312.04347826086956
21916070.0,259.2634005763689,477.05176970908974,549.0434782608696,468.1904761904762,351.912511471398,627.2926292629263,503.67997718197375
21916070.0,191.54777070063693,476.78846153846155,359.8,365.3703703703704,253.28321678321677,478.7934404305014,411.39473684210526
21916070.0,254.26384364820848,549.7488076311606,541.911214953271,412.0863318001181,347.940582636285,624.978125,498.2185644900162
21916070.0,196.1851851851852,555.6464658566645,322.0,373.1111111111111,219.39735099337747,378.8888888888889,362.8048780487805
21916070.0,223.5971685971686,535.6602316602317,504.4597701149425,473.03615458183424,310.20150273224044,563.6572890025575,487.13935483870966
21916070.0,259.38676554478036,557.5125208681135,549.0434782608696,468.1904761904762,334.08069660680405,626.2081051478642,502.35184135977335
21916070.0,254.86167304538,549.6741214057508,541.911214953271,391.6486005205332,348.2725159790819,624.6052356020942,498.6565217391304
21916070.0,255.70264317180616,540.8454013193326,542.8826291079812,460.44769874476987,347.85108250438856,623.2362869198312,498.6766958424508
21916070.0,194.59722222222223,445.78174628992343,367.5263157894737,360.15384615384613,248.06513409961687,503.0857142857143,411.17391304347825
21916070.0,204.5771028037383,513.3216783216783,454.48979591836735,462.8448275862069,288.6184538653367,576.9289099526067,479.0562266694398
21916070.0,211.03815240289018,471.9259259259259,359.8,358.57142857142856,257.6996699669967,503.44444444444446,401.56875
21916070.0,196.73041155954218,549.8700475435816,541.911214953271,456.7448559670782,347.8840413318025,626.2367601246106,497.5145005370569
21916070.0,254.61811238406983,550.1467304625199,541.911214953271,457.2603305785124,254.77258989911712,625.2583682008368,498.4322125813449
21916070.0,248.30831990158532,550.3878205128206,541.911214953271,459.5125,347.7203736135435,622.4437434279705,498.40065502183404
21916070.0,255.6549744897959,559.9499072356215,556.7765957446809,473.8779342723005,350.9979425115765,615.3361650485436,499.90201005025125
21916070.0,188.0,440.88452895361877,374.22727272727275,374.6,269.8048780487805,532.4895833333334,425.38860103626945
21916070.0,185.97058823529412,315.46153846153845,315.0833333333333,401.1724443079336,213.848,381.60526315789474,312.04347826086956
21916070.0,229.20407385975764,558.739932885906,549.0434782608696,468.1904761904762,351.912511471398,627.2926292629263,503.67997718197375
21916070.0,191.54777070063693,476.78846153846155,359.8,365.3703703703704,341.81051251657317,502.8181818181818,411.39473684210526
21916070.0,230.263712123936,549.7488076311606,541.911214953271,456.7448559670782,347.940582636285,624.978125,498.2185644900162
21916070.0,196.1851851851852,463.4557715953849,322.0,373.1111111111111,219.39735099337747,378.8888888888889,362.8048780487805
21916070.0,223.5971685971686,535.6602316602317,504.4597701149425,418.0060008451805,310.20150273224044,563.6572890025575,487.13935483870966
21916070.0,259.38676554478036,557.5125208681135,549.0434782608696,468.1904761904762,350.90069845126027,626.2081051478642,396.6654384379044
21916070.0,254.86167304538,487.41023941404535,541.911214953271,457.2603305785124,348.2725159790819,624.6052356020942,498.6565217391304
21916070.0,255.70264317180616,551.0305466237942,542.8826291079812,460.44769874476987,347.85108250438856,623.2362869198312,401.48249891950934
21916070.0,194.59722222222223,486.2291666666667,379.5433781551201,360.15384615384613,248.06513409961687,503.0857142857143,411.17391304347825
21916070.0,204.5771028037383,513.3216783216783,506.98057049634104,462.8448275862069,288.6184538653367,576.9289099526067,438.1496437054632
21916070.0,187.24848484848485,471.9259259259259,359.8,358.57142857142856,257.6996699669967,503.44444444444446,436.423260484454
21916070.0,253.71567567567567,549.8700475435816,541.911214953271,441.65567236907657,347.8840413318025,626.2367601246106,497.5145005370569
21916070.0,254.61811238406983,550.1467304625199,541.911214953271,457.2603305785124,307.7774929167555,625.2583682008368,498.4322125813449
21916070.0,255.48160351455243,550.3878205128206,552.5235961232667,459.5125,347.7203736135435,622.4437434279705,498.40065502183404
21916070.0,255.6549744897959,559.9499072356215,556.7765957446809,473.8779342723005,350.4196157735086,495.8520416879084,499.90201005025125
21916070.0,240.11870540442203,508.58730158730157,374.22727272727275,374.6,269.8048780487805,532.4895833333334,425.38860103626945
21916070.0,185.97058823529412,315.46153846153845,315.0833333333333,386.29411764705884,334.15776359385336,381.60526315789474,312.04347826086956
21916070.0,259.2634005763689,487.0476199709247,549.0434782608696,468.1904761904762,351.912511471398,627.2926292629263,503.67997718197375
21916070.0,191.54777070063693,476.78846153846155,359.8,365.3703703703704,355.23046617461415,502.8181818181818,411.39473684210526
21916070.0,254.26384364820848,549.7488076311606,412.2100389524454,456.7448559670782,347.940582636285,624.978125,498.2185644900162
21916070.0,196.1851851851852,314.3666666666667,322.0,373.1111111111111,306.0544553728693,378.8888888888889,362.8048780487805
21916070.0,223.5971685971686,535.6602316602317,504.4597701149425,450.33663366336634,265.2204010891777,563.6572890025575,487.13935483870966
21916070.0,259.38676554478036,557.5125208681135,549.0434782608696,394.48755437055814,350.90069845126027,626.2081051478642,502.35184135977335
21916070.0,254.86167304538,549.6741214057508,541.911214953271,426.035192359176,348.2725159790819,624.6052356020942,498.6565217391304
21916070.0,255.70264317180616,551.0305466237942,542.8826291079812,433.16025808352515,347.85108250438856,623.2362869198312,498.6766958424508
21916070.0,194.59722222222223,492.8398456214532,367.5263157894737,360.15384615384613,248.06513409961687,503.0857142857143,411.17391304347825
21916070.0,204.5771028037383,513.3216783216783,454.48979591836735,390.28451665462916,288.6184538653367,576.9289099526067,438.1496437054632
21916070.0,187.24848484848485,471.9259259259259,359.8,358.57142857142856,289.0133457792306,503.44444444444446,401.56875
21916070.0,253.71567567567567,549.8700475435816,541.911214953271,456.7448559670782,347.8840413318025,626.2367601246106,498.48038562913996
21916070.0,254.61811238406983,550.1467304625199,541.911214953271,405.81109489701504,348.45536231884057,625.2583682008368,498.4322125813449
21916070.0,255.48160351455243,550.3878205128206,541.911214953271,453.9432345626386,347.7203736135435,622.4437434279705,498.40065502183404
21916070.0,255.6549744897959,559.9499072356215,556.7765957446809,385.29227685497597,350.4196157735086,615.3361650485436,499.90201005025125
21916070.0,188.0,508.58730158730157,374.22727272727275,374.6,269.8048780487805,627.2577496781823,425.38860103626945
21916070.0,185.97058823529412,315.46153846153845,315.0833333333333,386.29411764705884,296.1768821165088,381.60526315789474,312.04347826086956
21916070.0,259.2634005763689,558.739932885906,549.0434782608696,468.1904761904762,351.912511471398,627.2926292629263,488.0958273339522
21916070.0,191.54777070063693,494.9002166263013,359.8,365.3703703703704,253.28321678321677,502.8181818181818,411.39473684210526
21916070.0,254.26384364820848,549.7488076311606,464.2145086019043,456.7448559670782,347.940582636285,624.978125,498.2185644900162
21916070.0,196.1851851851852,463.65911623529564,322.0,373.1111111111111,219.39735099337747,378.8888888888889,362.8048780487805
21916070.0,223.5971685971686,535.6602316602317,442.0871145670379,450.33663366336634,310.20150273224044,563.6572890025575,487.13935483870966
21916070.0,259.38676554478036,557.5125208681135,549.0434782608696,437.8818549200116,350.90069845126027,626.2081051478642,502.35184135977335
21916070.0,254.86167304538,578.6396058141868,541.911214953271,457.2603305785124,348.2725159790819,624.6052356020942,498.6565217391304
21916070.0,255.70264317180616,551.0305466237942,542.8826291079812,460.44769874476987,325.0969831520984,623.2362869198312,498.6766958424508
21916070.0,194.59722222222223,474.7818667166704,367.5263157894737,360.15384615384613,248.06513409961687,503.0857142857143,411.17391304347825
21916070.0,204.5771028037383,513.3216783216783,454.48979591836735,462.8448275862069,319.5541233339901,576.9289099526067,438.1496437054632
21916070.0,256.21492136520254,471.9259259259259,359.8,358.57142857142856,257.6996699669967,503.44444444444446,401.56875
21916070.0,253.71567567567567,481.4433516525453,541.911214953271,456.7448559670782,347.8840413318025,626.2367601246106,497.5145005370569
21916070.0,254.61811238406983,550.1467304625199,538.3412561838672,457.2603305785124,348.45536231884057,625.2583682008368,498.4322125813449
21916070.0,255.48160351455243,550.3878205128206,541.911214953271,459.5125,347.7203736135435,622.4437434279705,415.542299666912
21916070.0,255.6549744897959,559.9499072356215,556.7765957446809,418.77079279464294,350.4196157735086,615.3361650485436,499.90201005025125
21916070.0,188.0,492.1026368327036,374.22727272727275,374.6,269.8048780487805,532.4895833333334,425.38860103626945
21916070.0,185.97058823529412,454.2278562972053,315.0833333333333,386.29411764705884,213.848,381.60526315789474,312.04347826086956
21916070.0,246.1233001324133,558.739932885906,549.0434782608696,468.1904761904762,351.912511471398,627.2926292629263,503.67997718197375
21916070.0,191.54777070063693,476.78846153846155,359.8,365.3703703703704,253.28321678321677,502.8181818181818,487.730257908177
21916070.0,254.26384364820848,549.7488076311606,541.6685199776258,456.7448559670782,347.940582636285,624.978125,498.2185644900162
21916070.0,196.1851851851852,314.3666666666667,322.0,373.1111111111111,219.39735099337747,617.5061207816816,362.8048780487805
21916070.0,223.5971685971686,540.6120695356772,504.4597701149425,450.33663366336634,310.20150273224044,563.6572890025575,487.13935483870966
21916070.0,259.38676554478036,508.8295813307897,549.0434782608696,468.1904761904762,350.90069845126027,626.2081051478642,502.35184135977335
21916070.0,254.86167304538,549.6741214057508,541.911214953271,457.2603305785124,328.0007045658007,624.6052356020942,498.6565217391304
21916070.0,255.70264317180616,551.0305466237942,542.8826291079812,460.44769874476987,314.5683713737966,623.2362869198312,498.6766958424508
21916070.0,194.59722222222223,526.5796268746178,367.5263157894737,360.15384615384613,248.06513409961687,503.0857142857143,411.17391304347825
21916070.0,204.5771028037383,513.3216783216783,454.48979591836735,462.8448275862069,305.33819442850944,576.9289099526067,438.1496437054632
21916070.0,187.24848484848485,471.9259259259259,359.8,358.57142857142856,257.6996699669967,574.113415069635,401.56875
21916070.0,253.71567567567567,521.0716546753815,541.911214953271,456.7448559670782,347.8840413318025,626.2367601246106,497.5145005370569
21916070.0,211.6237247935769,550.1467304625199,541.911214953271,457.2603305785124,348.45536231884057,625.2583682008368,498.4322125813449
21916070.0,255.48160351455243,550.3878205128206,541.911214953271,459.5125,341.54338829779147,622.4437434279705,498.40065502183404
21916070.0,255.6549744897959,559.9499072356215,556.7765957446809,473.8779342723005,329.9164314044838,615.3361650485436,499.90201005025125
21916070.0,198.97824307236613,508.58730158730157,374.22727272727275,374.6,269.8048780487805,532.4895833333334,425.38860103626945
21916070.0,185.97058823529412,465.92426562718134,315.0833333333333,386.29411764705884,213.848,381.60526315789474,312.04347826086956
21916070.0,259.2634005763689,558.739932885906,549.0434782608696,468.1904761904762,351.912511471398,627.2926292629263,476.17199057226736
21916070.0,191.54777070063693,530.8163743208256,359.8,365.3703703703704,253.28321678321677,502.8181818181818,411.39473684210526
21916070.0,250.87282863833045,549.7488076311606,541.911214953271,456.7448559670782,347.940582636285,624.978125,498.2185644900162
21916070.0,196.1851851851852,314.3666666666667,322.0,373.1111111111111,219.39735099337747,378.8888888888889,457.47247188122776
21916070.0,223.5971685971686,535.6602316602317,504.4597701149425,450.33663366336634,310.20150273224044,584.7206859186891,487.13935483870966
21916070.0,259.38676554478036,557.5125208681135,541.242875978774,468.1904761904762,350.90069845126027,626.2081051478642,502.35184135977335
21916070.0,254.86167304538,549.6741214057508,467.27121049605284,457.2603305785124,348.2725159790819,624.6052356020942,498.6565217391304
21916070.0,255.70264317180616,453.5603055135227,542.8826291079812,460.44769874476987,347.85108250438856,623.2362869198312,498.6766958424508
21916070.0,194.59722222222223,486.2291666666667,367.5263157894737,360.15384615384613,341.5136102663315,503.0857142857143,411.17391304347825
21916070.0,204.5771028037383,513.3216783216783,454.48979591836735,462.8448275862069,288.6184538653367,551.9053943180256,438.1496437054632
21916070.0,187.24848484848485,471.9259259259259,359.8,473.5711026250858,257.6996699669967,503.44444444444446,401.56875
21916070.0,253.71567567567567,549.8700475435816,533.8046822481081,456.7448559670782,347.8840413318025,626.2367601246106,497.5145005370569
21916070.0,254.61811238406983,550.1467304625199,541.911214953271,389.2586710490092,348.45536231884057,625.2583682008368,498.4322125813449
21916070.0,255.48160351455243,545.3048848338549,541.911214953271,459.5125,347.7203736135435,622.4437434279705,498.40065502183404
21916070.0,255.6549744897959,559.9499072356215,556.7765957446809,473.8779342723005,350.4196157735086,615.3361650485436,415.00132245024497
21916070.0,188.0,508.58730158730157,374.22727272727275,469.9788012761668,269.8048780487805,532.4895833333334,425.38860103626945
21916070.0,185.97058823529412,315.46153846153845,315.0833333333333,386.29411764705884,213.848,569.0650522628321,312.04347826086956
21916070.0,259.2634005763689,558.739932885906,507.04919897305086,468.1904761904762,351.912511471398,627.2926292629263,503.67997718197375
21916070.0,221.97018611784333,476.78846153846155,359.8,365.3703703703704,253.28321678321677,502.8181818181818,411.39473684210526
21916070.0,250.3620966549679,549.7488076311606,541.911214953271,456.7448559670782,347.940582636285,624.978125,498.2185644900162
21916070.0,196.1851851851852,314.3666666666667,322.0,373.1111111111111,313.2153708270306,378.8888888888889,362.8048780487805
21916070.0,223.5971685971686,535.6602316602317,504.4597701149425,450.33663366336634,310.20150273224044,563.6572890025575,445.1633038327159
21916070.0,259.38676554478036,526.5543091445078,549.0434782608696,468.1904761904762,350.90069845126027,626.2081051478642,502.35184135977335
21916070.0,254.86167304538,549.6741214057508,541.911214953271,457.2603305785124,348.2725159790819,501.3616203153608,498.6565217391304
21916070.0,255.70264317180616,551.0305466237942,542.8826291079812,460.44769874476987,347.85108250438856,630.3398757120868,498.6766958424508
21916070.0,194.59722222222223,486.2291666666667,445.8938609749675,360.15384615384613,248.06513409961687,503.0857142857143,411.17391304347825
21916070.0,204.5771028037383,513.3216783216783,454.48979591836735,462.8448275862069,261.1368656931853,576.9289099526067,438.1496437054632
21916070.0,187.24848484848485,471.9259259259259,359.8,358.57142857142856,354.62680206430224,503.44444444444446,401.56875
21916070.0,253.71567567567567,549.8700475435816,541.911214953271,451.84770509541994,347.8840413318025,626.2367601246106,497.5145005370569
21916070.0,254.61811238406983,493.32511646754045,541.911214953271,457.2603305785124,348.45536231884057,625.2583682008368,498.4322125813449
21916070.0,255.48160351455243,550.3878205128206,541.911214953271,459.5125,347.7203736135435,622.4437434279705,439.10001224807195
21916070.0,243.45857855835968,559.9499072356215,556.7765957446809,473.8779342723005,350.4196157735086,615.3361650485436,499.90201005025125
21916070.0,188.0,508.58730158730157,374.22727272727275,374.6,269.8048780487805,532.4895833333334,492.01710044058336
21916070.0,185.97058823529412,315.46153846153845,315.0833333333333,386.29411764705884,354.413580738728,381.60526315789474,312.04347826086956
21916070.0,233.49528121005818,558.739932885906,549.0434782608696,468.1904761904762,351.912511471398,627.2926292629263,503.67997718197375
21916070.0,191.54777070063693,476.78846153846155,359.8,365.3703703703704,292.3143442337829,502.8181818181818,411.39473684210526
21916070.0,254.26384364820848,549.7488076311606,541.911214953271,406.7177997117135,347.940582636285,624.978125,498.2185644900162
21916070.0,196.1851851851852,314.3666666666667,322.0,373.1111111111111,300.5507676386823,378.8888888888889,362.8048780487805
21916070.0,223.5971685971686,535.6602316602317,504.4597701149425,450.33663366336634,310.20150273224044,563.6572890025575,512.3718124352761
21916070.0,259.38676554478036,557.5125208681135,549.0434782608696,418.20083225250886,350.90069845126027,626.2081051478642,502.35184135977335
21916070.0,254.86167304538,549.6741214057508,541.911214953271,457.2603305785124,350.21763681258403,624.6052356020942,498.6565217391304
21916070.0,255.70264317180616,556.1706846266973,542.8826291079812,460.44769874476987,347.85108250438856,623.2362869198312,498.6766958424508
21916070.0,194.59722222222223,486.2291666666667,550.7119729401552,360.15384615384613,248.06513409961687,503.0857142857143,411.17391304347825
21916070.0,206.03208775636844,513.3216783216783,454.48979591836735,462.8448275862069,288.6184538653367,576.9289099526067,438.1496437054632
21916070.0,187.24848484848485,471.9259259259259,359.8,358.57142857142856,257.6996699669967,576.3651917954961,401.56875
21916070.0,253.71567567567567,549.8700475435816,541.911214953271,388.89089353310465,347.8840413318025,626.2367601246106,497.5145005370569
21916070.0,254.61811238406983,550.1467304625199,541.911214953271,457.2603305785124,303.88993975791817,625.2583682008368,498.4322125813449
21916070.0,255.48160351455243,550.3878205128206,446.9095134082319,459.5125,347.7203736135435,622.4437434279705,498.40065502183404
21916070.0,255.6549744897959,559.9499072356215,556.7765957446809,473.8779342723005,350.4196157735086,615.3361650485436,399.48802734390415
21916070.0,188.0,508.58730158730157,374.22727272727275,438.5861797618991,269.8048780487805,532.4895833333334,425.38860103626945
21916070.0,185.97058823529412,546.4667075826396,315.0833333333333,386.29411764705884,213.848,381.60526315789474,312.04347826086956
21916070.0,203.75700996942638,558.739932885906,549.0434782608696,468.1904761904762,351.912511471398,627.2926292629263,503.67997718197375
21916070.0,191.54777070063693,476.78846153846155,359.8,405.75718537687027,253.28321678321677,502.8181818181818,411.39473684210526
21916070.0,254.26384364820848,549.7488076311606,541.911214953271,456.7448559670782,347.940582636285,524.0759203550645,498.2185644900162
21916070.0,196.1851851851852,314.3666666666667,322.0,393.65441878107225,219.39735099337747,378.8888888888889,362.8048780487805
21916070.0,223.5971685971686,535.6602316602317,444.68448273149784,450.33663366336634,310.20150273224044,563.6572890025575,487.13935483870966
21916070.0,259.38676554478036,557.5125208681135,549.0434782608696,468.1904761904762,350.90069845126027,626.2081051478642,471.80085156772657
21916070.0,254.86167304538,549.6741214057508,541.911214953271,457.2603305785124,348.2725159790819,616.6165609126323,498.6565217391304
21916070.0,255.70264317180616,551.0305466237942,542.8826291079812,460.44769874476987,260.47087784795605,623.2362869198312,498.6766958424508
21916070.0,194.59722222222223,486.2291666666667,367.5263157894737,360.15384615384613,311.4183644058567,503.0857142857143,411.17391304347825
21916070.0,204.5771028037383,569.195304782979,454.48979591836735,462.8448275862069,288.6184538653367,576.9289099526067,438.1496437054632
21916070.0,187.24848484848485,471.9259259259259,359.8,358.57142857142856,257.6996699669967,503.44444444444446,399.2120974604065
21916070.0,253.71567567567567,549.8700475435816,541.911214953271,456.7448559670782,347.8840413318025,626.2367601246106,427.0467880404132
21916070.0,254.61811238406983,481.6346299975917,541.911214953271,457.2603305785124,348.45536231884057,625.2583682008368,498.4322125813449
21916070.0,235.1160361794727,550.3878205128206,541.911214953271,459.5125,347.7203736135435,622.4437434279705,498.40065502183404
21916070.0,255.6549744897959,559.9499072356215,556.7765957446809,470.39876984291897,350.4196157735086,615.3361650485436,499.90201005025125
21916070.0,188.0,508.58730158730157,374.22727272727275,374.6,269.8048780487805,532.4895833333334,404.60564445088505
21916070.0,185.97058823529412,315.46153846153845,315.0833333333333,386.29411764705884,265.08183272435497,381.60526315789474,312.04347826086956
21916070.0,250.82709688622984,558.739932885906,549.0434782608696,468.1904761904762,351.912511471398,627.2926292629263,503.67997718197375
21916070.0,191.54777070063693,476.78846153846155,359.8,365.3703703703704,267.57124195204574,502.8181818181818,411.39473684210526
21916070.0,229.20440123123132,549.7488076311606,541.911214953271,456.7448559670782,347.940582636285,624.978125,498.2185644900162
21916070.0,196.1851851851852,314.3666666666667,322.0,373.1111111111111,219.39735099337747,378.8888888888889,422.9800609527193
21916070.0,231.58627752381256,535.6602316602317,504.4597701149425,450.33663366336634,310.20150273224044,563.6572890025575,487.13935483870966
21916070.0,259.38676554478036,557.5125208681135,549.0434782608696,468.1904761904762,350.90069845126027,514.8589099502083,502.35184135977335
21916070.0,254.86167304538,535.9168356938098,541.911214953271,457.2603305785124,348.2725159790819,624.6052356020942,498.6565217391304
21916070.0,255.70264317180616,490.1718460447021,542.8826291079812,460.44769874476987,347.85108250438856,623.2362869198312,498.6766958424508
21916070.0,194.59722222222223,486.2291666666667,367.5263157894737,360.15384615384613,326.5327260388996,503.0857142857143,411.17391304347825
21916070.0,204.5771028037383,513.3216783216783,454.48979591836735,414.94371395021994,288.6184538653367,576.9289099526067,438.1496437054632
21916070.0,187.24848484848485,471.9259259259259,510.17095812112746,358.57142857142856,257.6996699669967,503.44444444444446,401.56875
21916070.0,253.71567567567567,549.8700475435816,557.9303381657949,456.7448559670782,347.8840413318025,626.2367601246106,497.5145005370569
21916070.0,254.61811238406983,550.1467304625199,541.911214953271,457.2603305785124,342.44780801846076,625.2583682008368,498.4322125813449
21916070.0,255.48160351455243,500.5266769312923,541.911214953271,459.5125,347.7203736135435,622.4437434279705,498.40065502183404
21916070.0,255.6549744897959,559.9499072356215,559.7773185325661,473.8779342723005,350.4196157735086,615.3361650485436,499.90201005025125
21916070.0,188.0,508.58730158730157,480.04101226667296,374.6,269.8048780487805,532.4895833333334,425.38860103626945
21916070.0,185.97058823529412,315.46153846153845,315.0833333333333,386.29411764705884,213.848,381.60526315789474,487.4266041964755
21916070.0,238.08557337187887,558.739932885906,549.0434782608696,468.1904761904762,351.912511471398,627.2926292629263,503.67997718197375
21916070.0,191.54777070063693,476.78846153846155,432.3464835216114,365.3703703703704,253.28321678321677,502.8181818181818,411.39473684210526
21916070.0,254.26384364820848,549.7488076311606,541.911214953271,456.7448559670782,347.940582636285,609.5052886141789,498.2185644900162
21916070.0,196.1851851851852,314.3666666666667,380.78062158239067,373.1111111111111,219.39735099337747,378.8888888888889,362.8048780487805
21916070.0,223.5971685971686,535.6602316602317,504.4597701149425,450.33663366336634,255.76680248723676,563.6572890025575,487.13935483870966
21916070.0,259.38676554478036,557.5125208681135,549.0434782608696,468.1904761904762,350.90069845126027,626.2081051478642,410.1505355114257
21916070.0,254.86167304538,549.6741214057508,541.911214953271,457.2603305785124,348.2725159790819,524.6305437405416,498.6565217391304
21916070.0,255.70264317180616,507.8204614190232,542.8826291079812,460.44769874476987,347.85108250438856,623.2362869198312,498.6766958424508
21916070.0,194.59722222222223,486.2291666666667,537.4037753101251,360.15384615384613,248.06513409961687,503.0857142857143,411.17391304347825
21916070.0,222.50788035253242,513.3216783216783,454.48979591836735,462.8448275862069,288.6184538653367,576.9289099526067,438.1496437054632
21916070.0,187.24848484848485,471.9259259259259,359.8,358.57142857142856,340.29803418053297,503.44444444444446,401.56875
21916070.0,201.3136338428875,549.8700475435816,541.911214953271,456.7448559670782,347.8840413318025,626.2367601246106,497.5145005370569
21916070.0,254.61811238406983,550.1467304625199,541.911214953271,474.181782428508,348.45536231884057,625.2583682008368,498.4322125813449
21916070.0,255.48160351455243,474.2639218683291,541.911214953271,459.5125,347.7203736135435,622.4437434279705,498.40065502183404
21916070.0,255.6549744897959,559.9499072356215,556.7765957446809,473.8779342723005,350.4196157735086,551.7060720062095,499.90201005025125
21916070.0,188.0,508.58730158730157,374.22727272727275,374.6,269.8048780487805,526.5444646842554,425.38860103626945
21916070.0,249.19553812060767,315.46153846153845,315.0833333333333,386.29411764705884,213.848,381.60526315789474,312.04347826086956
21916070.0,259.2634005763689,558.739932885906,549.0434782608696,468.1904761904762,351.912511471398,620.161612058828,503.67997718197375
21916070.0,251.43830148019217,476.78846153846155,359.8,365.3703703703704,253.28321678321677,502.8181818181818,411.39473684210526
21916070.0,254.26384364820848,549.7488076311606,541.911214953271,456.7448559670782,347.940582636285,530.9631665988522,498.2185644900162
21916070.0,196.1851851851852,314.3666666666667,322.0,373.1111111111111,321.89019730655116,378.8888888888889,362.8048780487805
21916070.0,223.5971685971686,535.6602316602317,383.2950092671692,450.33663366336634,310.20150273224044,563.6572890025575,487.13935483870966
21916070.0,259.38676554478036,557.5125208681135,549.0434782608696,468.1904761904762,350.90069845126027,520.193163047295,502.35184135977335
21916070.0,254.86167304538,549.6741214057508,541.911214953271,457.2603305785124,348.2725159790819,565.0467630115678,498.6565217391304
21916070.0,255.70264317180616,551.0305466237942,486.8443932661395,460.44769874476987,347.85108250438856,623.2362869198312,498.6766958424508
21916070.0,194.59722222222223,486.2291666666667,367.5263157894737,360.15384615384613,248.06513409961687,503.0857142857143,442.47486571903926
21916070.0,204.5771028037383,513.3216783216783,484.0663033347479,462.8448275862069,288.6184538653367,576.9289099526067,438.1496437054632
21916070.0,187.24848484848485,471.9259259259259,553.5831105896173,358.57142857142856,257.6996699669967,503.44444444444446,401.56875
21916070.0,253.71567567567567,549.8700475435816,541.911214953271,456.7448559670782,347.8840413318025,626.2367601246106,459.4869374022183
21916070.0,254.61811238406983,550.1467304625199,541.911214953271,447.8252964276773,348.45536231884057,625.2583682008368,498.4322125813449
21916070.0,255.48160351455243,550.3878205128206,541.911214953271,417.32450290300744,347.7203736135435,622.4437434279705,498.40065502183404
21916070.0,255.6549744897959,559.9499072356215,556.7765957446809,473.8779342723005,259.6102874757098,615.3361650485436,499.90201005025125
21916070.0,188.0,508.58730158730157,374.22727272727275,374.6,269.8048780487805,613.8428531042364,425.38860103626945
21916070.0,185.97058823529412,315.46153846153845,315.0833333333333,385.9037280959212,213.848,381.60526315789474,312.04347826086956
21916070.0,215.76618562107737,558.739932885906,549.0434782608696,468.1904761904762,351.912511471398,627.2926292629263,503.67997718197375
21916070.0,191.54777070063693,476.78846153846155,359.8,365.3703703703704,253.28321678321677,502.8181818181818,418.1691662710282
21916070.0,254.26384364820848,577.308912059831,541.911214953271,456.7448559670782,347.940582636285,624.978125,498.2185644900162
21916070.0,252.8744678601239,314.3666666666667,322.0,373.1111111111111,219.39735099337747,378.8888888888889,362.8048780487805
21916070.0,223.5971685971686,535.6602316602317,473.3202446042811,450.33663366336634,310.20150273224044,563.6572890025575,487.13935483870966
21916070.0,229.65522263931996,557.5125208681135,549.0434782608696,468.1904761904762,350.90069845126027,626.2081051478642,502.35184135977335
21916070.0,254.86167304538,549.6741214057508,541.911214953271,408.8466600434582,348.2725159790819,624.6052356020942,498.6565217391304
21916070.0,255.70264317180616,551.0305466237942,542.8826291079812,422.5359828425019,347.85108250438856,623.2362869198312,498.6766958424508
21916070.0,194.59722222222223,486.2291666666667,367.5263157894737,360.15384615384613,248.06513409961687,635.424999604815,411.17391304347825
21916070.0,206.6311202435299,513.3216783216783,454.48979591836735,462.8448275862069,288.6184538653367,576.9289099526067,438.1496437054632
21916070.0,187.24848484848485,471.9259259259259,359.8,358.57142857142856,257.6996699669967,503.44444444444446,458.4768334018874
21916070.0,253.71567567567567,466.9128230765102,541.911214953271,456.7448559670782,347.8840413318025,626.2367601246106,497.5145005370569
21916070.0,254.61811238406983,552.2562266582046,541.911214953271,457.2603305785124,348.45536231884057,625.2583682008368,498.4322125813449
21916070.0,255.48160351455243,550.3878205128206,541.911214953271,459.5125,347.7203736135435,622.4437434279705,413.76569358158036
21916070.0,255.6549744897959,559.9499072356215,556.7765957446809,473.8779342723005,355.95998598372216,615.3361650485436,499.90201005025125
21916070.0,188.0,508.58730158730157,374.22727272727275,374.6,257.12484258039575,532.4895833333334,425.38860103626945
21916070.0,185.97058823529412,562.3880515968758,315.0833333333333,386.29411764705884,213.848,381.60526315789474,312.04347826086956
21916070.0,259.2634005763689,558.739932885906,549.0434782608696,468.1904761904762,351.912511471398,548.4255239806417,503.67997718197375
21916070.0,191.54777070063693,476.78846153846155,359.8,365.3703703703704,253.28321678321677,636.5684430735305,411.39473684210526
21916070.0,254.26384364820848,545.9421083019058,541.911214953271,456.7448559670782,347.940582636285,624.978125,498.2185644900162
