uid,p,r,i,n,t,Shift,(
21916070.0,782.2009345794393,241.97131147540983,271.099173553719,235.515625,271.46220930232556,646.88623853211,279.75431034482756
21916070.0,816.912,239.22535211267606,288.3333333333333,250.7084745762712,284.0272952853598,656.9902755267423,293.5992647058824
21916070.0,881.752523364486,294.00297520661155,312.6417452313089,230.30389523169913,337.1760934279826,422.6569317382125,223.8396820139119
21916070.0,875.7449088960343,291.16408472968703,311.7488459924465,232.9961464354528,332.61807835412566,431.32368315239245,228.22176526415691
21916070.0,817.5593220338983,243.63059701492537,280.3778337531486,245.70967741935485,281.5118733509235,654.7038917089678,289.72265625
21916070.0,873.3010845986985,294.74798619102415,314.61270648030495,229.52590572652903,338.02659574468083,423.7949002217295,217.78204144282427
21916070.0,788.7329192546584,229.84444444444443,256.3085501858736,226.20430107526883,258.5753968253968,602.6961722488038,269.60818713450294
21916070.0,875.1438848920864,291.75429662635264,310.62552831783603,232.02166882276845,333.2067519858782,430.86094316807737,226.77295918367346
21916070.0,858.8223350253808,274.70991797166295,280.20867869332034,225.38299473288185,310.7506387327542,427.2748403994107,229.28721017202693
21916070.0,876.5898256848096,290.73024866226,312.28440175401965,233.46148929370406,332.0787984327384,431.7111722872218,229.02423670129053
21916070.0,883.8586466165414,294.56910299003323,312.28470691934774,230.3104961187985,337.81864211737627,422.30645350887505,223.1102231102231
21916070.0,751.3203883495146,176.46902654867256,209.94252873563218,180.38260869565218,206.19496855345912,436.1219512195122,227.20560747663552
21916070.0,875.3919942300757,292.07049441786285,310.55941537809787,231.5649918962723,333.42490599424906,430.50849997118655,226.28868286445012
21916070.0,833.6677524429967,258.23988439306356,289.818359375,243.22625698324023,315.0833333333333,662.9427792915532,285.52095808383234
21916070.0,876.811475409836,290.8032166508988,312.0613227291754,233.27587311759052,332.2841553906591,431.64504649293997,228.82991479962132
21916070.0,875.9971346704871,291.3149556400507,311.1703470031546,232.49501126488573,332.65986394557825,431.2500862366333,227.5891497461929
21916070.0,842.246511627907,257.3606557377049,271.83637946040034,222.24559023066485,289.42003676470586,532.9676674364896,237.3991769547325
21916070.0,782.2009345794393,241.97131147540983,271.099173553719,235.515625,271.46220930232556,646.88623853211,237.4891843576448
21916070.0,816.912,239.22535211267606,288.3333333333333,216.75607743675397,284.0272952853598,656.9902755267423,293.5992647058824
21916070.0,881.752523364486,294.00297520661155,312.6417452313089,230.30389523169913,306.3840168497964,422.6569317382125,223.8396820139119
21916070.0,875.7449088960343,291.16408472968703,311.7488459924465,232.9961464354528,332.61807835412566,431.32368315239245,261.70199032703437
21916070.0,817.5593220338983,243.63059701492537,280.3778337531486,226.1254890274146,281.5118733509235,654.7038917089678,289.72265625
21916070.0,873.3010845986985,268.11089798279744,314.61270648030495,229.52590572652903,338.02659574468083,423.7949002217295,217.78204144282427
21916070.0,788.7329192546584,229.84444444444443,271.1844345053611,226.20430107526883,258.5753968253968,602.6961722488038,269.60818713450294
21916070.0,855.9883600461666,291.75429662635264,310.62552831783603,232.02166882276845,333.2067519858782,430.86094316807737,226.77295918367346
21916070.0,858.8223350253808,274.70991797166295,319.03494090454865,225.38299473288185,310.7506387327542,427.2748403994107,229.28721017202693
21916070.0,876.5898256848096,290.73024866226,312.28440175401965,233.46148929370406,343.3350777357057,431.7111722872218,229.02423670129053
21916070.0,883.8586466165414,294.56910299003323,312.28470691934774,230.3104961187985,337.81864211737627,422.30645350887505,249.28805670376727
21916070.0,751.3203883495146,255.22720303362001,209.94252873563218,180.38260869565218,206.19496855345912,436.1219512195122,227.20560747663552
21916070.0,875.3919942300757,292.07049441786285,310.55941537809787,231.5649918962723,333.42490599424906,412.3445362963705,226.28868286445012
21916070.0,833.6677524429967,258.23988439306356,289.818359375,243.22625698324023,315.0833333333333,662.9427792915532,253.75813796786707
21916070.0,876.811475409836,290.8032166508988,312.0613227291754,232.07832650077248,332.2841553906591,431.64504649293997,228.82991479962132
21916070.0,875.9971346704871,291.3149556400507,287.80769420349196,232.49501126488573,332.65986394557825,431.2500862366333,227.5891497461929
21916070.0,842.246511627907,257.3606557377049,271.83637946040034,222.24559023066485,317.8737840168411,532.9676674364896,237.3991769547325
21916070.0,782.2009345794393,298.70230288722297,271.099173553719,235.515625,271.46220930232556,646.88623853211,279.75431034482756
21916070.0,816.912,239.22535211267606,288.3333333333333,228.62281819688656,284.0272952853598,656.9902755267423,293.5992647058824
21916070.0,881.752523364486,294.00297520661155,312.6417452313089,230.30389523169913,289.6185015970369,422.6569317382125,223.8396820139119
21916070.0,875.7449088960343,291.16408472968703,311.7488459924465,232.9961464354528,332.61807835412566,431.32368315239245,266.5276950236319
21916070.0,812.7367468152388,243.63059701492537,280.3778337531486,245.70967741935485,281.5118733509235,654.7038917089678,289.72265625
21916070.0,873.3010845986985,294.74798619102415,314.61270648030495,229.52590572652903,338.02659574468083,423.7949002217295,238.22863908052443
21916070.0,788.7329192546584,229.84444444444443,256.3085501858736,226.20430107526883,258.5753968253968,602.6961722488038,259.26195496588093
21916070.0,875.1438848920864,291.75429662635264,310.62552831783603,232.02166882276845,333.2067519858782,397.6491983415999,226.77295918367346
21916070.0,858.8223350253808,274.70991797166295,280.20867869332034,239.9927406625766,310.7506387327542,427.2748403994107,229.28721017202693
21916070.0,876.5898256848096,290.73024866226,277.0655831727722,233.46148929370406,332.0787984327384,431.7111722872218,229.02423670129053
21916070.0,883.8586466165414,294.56910299003323,303.0219783940048,230.3104961187985,337.81864211737627,422.30645350887505,223.1102231102231
21916070.0,820.7920209353048,176.46902654867256,209.94252873563218,180.38260869565218,206.19496855345912,436.1219512195122,227.20560747663552
21916070.0,875.3919942300757,292.07049441786285,310.55941537809787,231.5649918962723,286.73382692118565,430.50849997118655,226.28868286445012
21916070.0,833.6677524429967,258.23988439306356,289.818359375,243.22625698324023,315.0833333333333,662.9427792915532,269.20028102100247
21916070.0,876.811475409836,290.8032166508988,312.0613227291754,233.27587311759052,332.2841553906591,431.64504649293997,246.07977223051094
21916070.0,811.6802809957355,291.3149556400507,311.1703470031546,232.49501126488573,332.65986394557825,431.2500862366333,227.5891497461929
21916070.0,842.246511627907,257.3606557377049,312.7017280345108,222.24559023066485,289.42003676470586,532.9676674364896,237.3991769547325
21916070.0,782.2009345794393,241.97131147540983,271.099173553719,218.7792634005853,271.46220930232556,646.88623853211,279.75431034482756
21916070.0,816.912,239.22535211267606,288.3333333333333,250.7084745762712,291.8940862581127,656.9902755267423,293.5992647058824
21916070.0,850.1460997750743,294.00297520661155,312.6417452313089,230.30389523169913,337.1760934279826,422.6569317382125,223.8396820139119
21916070.0,875.7449088960343,291.16408472968703,311.7488459924465,232.9961464354528,332.61807835412566,431.32368315239245,266.7338126940046
21916070.0,817.5593220338983,298.5189991836492,280.3778337531486,245.70967741935485,281.5118733509235,654.7038917089678,289.72265625
21916070.0,873.3010845986985,294.74798619102415,314.61270648030495,229.52590572652903,310.94304596358666,423.7949002217295,217.78204144282427
21916070.0,788.7329192546584,229.84444444444443,288.4184315072611,226.20430107526883,258.5753968253968,602.6961722488038,269.60818713450294
21916070.0,875.1438848920864,291.75429662635264,310.62552831783603,232.02166882276845,329.58784308810783,430.86094316807737,226.77295918367346
21916070.0,858.8223350253808,274.70991797166295,295.79559176113685,225.38299473288185,310.7506387327542,427.2748403994107,229.28721017202693
21916070.0,876.5898256848096,290.73024866226,273.6756102987012,233.46148929370406,332.0787984327384,431.7111722872218,229.02423670129053
21916070.0,883.8586466165414,294.56910299003323,312.28470691934774,230.3104961187985,337.81864211737627,422.30645350887505,226.67824893865986
21916070.0,751.3203883495146,176.46902654867256,209.94252873563218,180.38260869565218,343.2245843377029,436.1219512195122,227.20560747663552
21916070.0,875.3919942300757,292.07049441786285,290.19928713099455,231.5649918962723,333.42490599424906,430.50849997118655,226.28868286445012
21916070.0,860.9597250369555,258.23988439306356,289.818359375,243.22625698324023,315.0833333333333,662.9427792915532,285.52095808383234
21916070.0,876.811475409836,292.75276127551047,312.0613227291754,233.27587311759052,332.2841553906591,431.64504649293997,228.82991479962132
21916070.0,874.446482284666,291.3149556400507,311.1703470031546,232.49501126488573,332.65986394557825,431.2500862366333,227.5891497461929
21916070.0,842.246511627907,257.3606557377049,271.83637946040034,222.24559023066485,289.42003676470586,584.2647117322391,237.3991769547325
21916070.0,782.2009345794393,241.97131147540983,271.099173553719,235.515625,321.0772487104399,646.88623853211,279.75431034482756
21916070.0,816.912,239.22535211267606,288.3333333333333,250.7084745762712,284.0272952853598,656.9902755267423,254.91808189983243
21916070.0,881.752523364486,294.00297520661155,292.7546110113717,230.30389523169913,337.1760934279826,422.6569317382125,223.8396820139119
21916070.0,875.7449088960343,290.94580513098583,311.7488459924465,232.9961464354528,332.61807835412566,431.32368315239245,228.22176526415691
21916070.0,817.5593220338983,243.63059701492537,280.3778337531486,245.70967741935485,281.5118733509235,516.8031867445902,289.72265625
21916070.0,873.3010845986985,294.74798619102415,314.61270648030495,232.66490368024796,338.02659574468083,423.7949002217295,217.78204144282427
21916070.0,788.7329192546584,229.84444444444443,256.3085501858736,230.09689375032244,258.5753968253968,602.6961722488038,269.60818713450294
21916070.0,875.1438848920864,291.75429662635264,310.62552831783603,232.02166882276845,333.2067519858782,599.076597942313,226.77295918367346
21916070.0,858.8223350253808,274.70991797166295,280.20867869332034,225.38299473288185,310.7506387327542,427.2748403994107,235.97099436259546
21916070.0,876.5898256848096,290.73024866226,297.8920651837236,233.46148929370406,332.0787984327384,431.7111722872218,229.02423670129053
21916070.0,883.8586466165414,294.56910299003323,312.28470691934774,232.88263347679643,337.81864211737627,422.30645350887505,223.1102231102231
21916070.0,751.3203883495146,176.46902654867256,311.00738329279426,180.38260869565218,206.19496855345912,436.1219512195122,227.20560747663552
21916070.0,875.3919942300757,235.7606233746186,310.55941537809787,231.5649918962723,333.42490599424906,430.50849997118655,226.28868286445012
21916070.0,833.6677524429967,258.23988439306356,269.90779237727423,243.22625698324023,315.0833333333333,662.9427792915532,285.52095808383234
21916070.0,876.811475409836,259.32747178862763,312.0613227291754,233.27587311759052,332.2841553906591,431.64504649293997,228.82991479962132
21916070.0,875.9971346704871,256.7099247962699,311.1703470031546,232.49501126488573,332.65986394557825,431.2500862366333,227.5891497461929
21916070.0,842.246511627907,257.3606557377049,271.83637946040034,222.24559023066485,289.42003676470586,532.9676674364896,219.8961066781868
21916070.0,782.2009345794393,241.97131147540983,271.099173553719,235.515625,271.46220930232556,646.88623853211,224.4796896954183
21916070.0,816.912,239.22535211267606,288.3333333333333,250.7084745762712,284.0272952853598,441.7011853983298,293.5992647058824
21916070.0,881.752523364486,294.00297520661155,312.6417452313089,230.30389523169913,337.1760934279826,422.6569317382125,247.7612471244649
21916070.0,875.7449088960343,291.16408472968703,311.7488459924465,232.9961464354528,315.02893420303906,431.32368315239245,228.22176526415691
21916070.0,807.2530391584771,243.63059701492537,280.3778337531486,245.70967741935485,281.5118733509235,654.7038917089678,289.72265625
21916070.0,873.3010845986985,294.74798619102415,314.61270648030495,229.52590572652903,338.02659574468083,435.5775009381412,217.78204144282427
21916070.0,788.7329192546584,229.84444444444443,256.3085501858736,226.20430107526883,258.5753968253968,602.6961722488038,247.87489785222382
21916070.0,875.1438848920864,291.75429662635264,310.62552831783603,218.26217794830472,333.2067519858782,430.86094316807737,226.77295918367346
21916070.0,858.8223350253808,274.70991797166295,280.20867869332034,225.38299473288185,310.7506387327542,427.2748403994107,269.90696049751017
21916070.0,854.9286999112719,290.73024866226,312.28440175401965,233.46148929370406,332.0787984327384,431.7111722872218,229.02423670129053
21916070.0,883.8586466165414,298.33308323828084,312.28470691934774,230.3104961187985,337.81864211737627,422.30645350887505,223.1102231102231
21916070.0,751.3203883495146,282.2454288085694,209.94252873563218,180.38260869565218,206.19496855345912,436.1219512195122,227.20560747663552
21916070.0,875.3919942300757,292.07049441786285,310.55941537809787,221.77446172903484,333.42490599424906,430.50849997118655,226.28868286445012
21916070.0,833.6677524429967,258.23988439306356,289.818359375,243.22625698324023,315.0833333333333,662.9427792915532,219.8357902747632
21916070.0,876.811475409836,290.8032166508988,312.0613227291754,233.27587311759052,332.2841553906591,402.0294355630762,228.82991479962132
21916070.0,875.9971346704871,291.3149556400507,311.1703470031546,233.87176026936027,332.65986394557825,431.2500862366333,227.5891497461929
21916070.0,842.246511627907,257.3606557377049,271.83637946040034,222.24559023066485,289.42003676470586,532.9676674364896,230.66410980555057
21916070.0,782.2009345794393,239.45360051405328,271.099173553719,235.515625,271.46220930232556,646.88623853211,279.75431034482756
21916070.0,816.912,239.22535211267606,283.0719597760035,250.7084745762712,284.0272952853598,656.9902755267423,293.5992647058824
21916070.0,881.752523364486,238.72979233446128,312.6417452313089,230.30389523169913,337.1760934279826,422.6569317382125,223.8396820139119
21916070.0,875.7449088960343,291.16408472968703,311.7488459924465,216.7234558074912,332.61807835412566,431.32368315239245,228.22176526415691
21916070.0,862.6564533118925,243.63059701492537,280.3778337531486,245.70967741935485,281.5118733509235,654.7038917089678,289.72265625
21916070.0,873.3010845986985,294.74798619102415,314.61270648030495,221.44340654430295,338.02659574468083,423.7949002217295,217.78204144282427
21916070.0,788.7329192546584,229.84444444444443,314.3566431168048,226.20430107526883,258.5753968253968,602.6961722488038,269.60818713450294
21916070.0,875.1438848920864,291.75429662635264,310.62552831783603,240.2955478335794,333.2067519858782,430.86094316807737,226.77295918367346
21916070.0,858.8223350253808,274.70991797166295,280.20867869332034,225.38299473288185,282.8458426488717,427.2748403994107,229.28721017202693
21916070.0,876.5898256848096,290.73024866226,312.28440175401965,233.46148929370406,332.0787984327384,438.5923006494363,229.02423670129053
21916070.0,883.8586466165414,294.56910299003323,312.28470691934774,230.3104961187985,337.81864211737627,422.30645350887505,219.67056482138105
21916070.0,751.3203883495146,176.46902654867256,209.94252873563218,180.38260869565218,206.19496855345912,429.4418626474393,227.20560747663552
21916070.0,875.3919942300757,257.35738296619235,310.55941537809787,231.5649918962723,333.42490599424906,430.50849997118655,226.28868286445012
21916070.0,833.6677524429967,258.23988439306356,269.91222733831324,243.22625698324023,315.0833333333333,662.9427792915532,285.52095808383234
21916070.0,876.811475409836,290.8032166508988,312.0613227291754,235.1996092042618,332.2841553906591,431.64504649293997,228.82991479962132
21916070.0,843.9012694035258,291.3149556400507,311.1703470031546,232.49501126488573,332.65986394557825,431.2500862366333,227.5891497461929
21916070.0,842.246511627907,257.3606557377049,271.83637946040034,242.11804872149838,289.42003676470586,532.9676674364896,237.3991769547325
21916070.0,782.2009345794393,241.97131147540983,271.099173553719,235.515625,271.46220930232556,646.88623853211,244.20694273110652
21916070.0,816.912,239.22535211267606,299.93311148376574,250.7084745762712,284.0272952853598,656.9902755267423,293.5992647058824
21916070.0,881.752523364486,294.00297520661155,312.6417452313089,240.27591619731209,337.1760934279826,422.6569317382125,223.8396820139119
21916070.0,875.7449088960343,291.16408472968703,271.9560709030467,232.9961464354528,332.61807835412566,431.32368315239245,228.22176526415691
21916070.0,817.5593220338983,243.63059701492537,280.3778337531486,245.70967741935485,281.5118733509235,399.93518558314105,289.72265625
21916070.0,873.3010845986985,294.74798619102415,314.61270648030495,229.52590572652903,338.02659574468083,413.42368903264685,217.78204144282427
21916070.0,788.7329192546584,229.84444444444443,256.3085501858736,226.20430107526883,258.5753968253968,406.66758372109615,269.60818713450294
21916070.0,875.1438848920864,291.75429662635264,270.9073193541297,232.02166882276845,333.2067519858782,430.86094316807737,226.77295918367346
21916070.0,858.8223350253808,274.70991797166295,280.20867869332034,225.38299473288185,310.7506387327542,427.2748403994107,268.4154798140994
21916070.0,876.5898256848096,290.73024866226,297.7425904289216,233.46148929370406,332.0787984327384,431.7111722872218,229.02423670129053
21916070.0,883.8586466165414,294.56910299003323,312.28470691934774,230.3104961187985,337.81864211737627,470.12601410781065,223.1102231102231
21916070.0,751.3203883495146,176.46902654867256,209.94252873563218,180.38260869565218,206.19496855345912,570.2356378961185,227.20560747663552
21916070.0,875.3919942300757,282.08026099795836,310.55941537809787,231.5649918962723,333.42490599424906,430.50849997118655,226.28868286445012
21916070.0,833.6677524429967,258.23988439306356,289.818359375,237.64489566730472,315.0833333333333,662.9427792915532,285.52095808383234
21916070.0,876.811475409836,290.8032166508988,312.0613227291754,233.27587311759052,332.2841553906591,431.64504649293997,251.95276976846884
21916070.0,854.0286361112051,291.3149556400507,311.1703470031546,232.49501126488573,332.65986394557825,431.2500862366333,227.5891497461929
21916070.0,842.246511627907,257.3606557377049,271.83637946040034,222.24559023066485,289.42003676470586,465.10619225459544,237.3991769547325
21916070.0,782.2009345794393,249.46218546437328,271.099173553719,235.515625,271.46220930232556,646.88623853211,279.75431034482756
21916070.0,816.912,239.22535211267606,288.3333333333333,226.733231252436,284.0272952853598,656.9902755267423,293.5992647058824
21916070.0,881.752523364486,294.00297520661155,312.6417452313089,230.30389523169913,337.1760934279826,512.420924092638,223.8396820139119
21916070.0,875.7449088960343,291.16408472968703,311.7488459924465,216.492344863159,332.61807835412566,431.32368315239245,228.22176526415691
21916070.0,817.5593220338983,243.63059701492537,280.3778337531486,245.70967741935485,281.5118733509235,654.7038917089678,254.72999333193485
21916070.0,873.3010845986985,294.74798619102415,314.61270648030495,238.34413370658532,338.02659574468083,423.7949002217295,217.78204144282427
21916070.0,788.7329192546584,229.84444444444443,256.3085501858736,226.20430107526883,258.5753968253968,406.88683940678607,269.60818713450294
21916070.0,875.1438848920864,291.75429662635264,310.62552831783603,217.44652608604218,333.2067519858782,430.86094316807737,226.77295918367346
21916070.0,858.8223350253808,274.70991797166295,280.20867869332034,225.38299473288185,310.7506387327542,429.33618971128925,229.28721017202693
21916070.0,876.5898256848096,290.73024866226,312.28440175401965,233.46148929370406,336.0587689699687,431.7111722872218,229.02423670129053
21916070.0,883.8586466165414,294.56910299003323,312.28470691934774,230.3104961187985,315.1633124734202,422.30645350887505,223.1102231102231
21916070.0,877.8577798752032,176.46902654867256,209.94252873563218,180.38260869565218,206.19496855345912,436.1219512195122,227.20560747663552
21916070.0,875.3919942300757,292.07049441786285,310.55941537809787,225.17825186889266,333.42490599424906,430.50849997118655,226.28868286445012
21916070.0,833.6677524429967,258.23988439306356,289.818359375,243.22625698324023,315.0833333333333,662.9427792915532,241.9355799194779
21916070.0,876.811475409836,290.8032166508988,312.0613227291754,233.27587311759052,332.2841553906591,431.64504649293997,261.31353661542346
21916070.0,875.9971346704871,291.3149556400507,311.1703470031546,232.49501126488573,332.65986394557825,431.2500862366333,239.11707318612818
21916070.0,842.246511627907,257.3606557377049,271.83637946040034,222.24559023066485,344.5722055726619,532.9676674364896,237.3991769547325
21916070.0,782.2009345794393,241.97131147540983,271.099173553719,235.515625,271.46220930232556,595.4966471370824,279.75431034482756
21916070.0,816.912,239.22535211267606,288.3333333333333,250.7084745762712,284.0272952853598,656.9902755267423,256.0220142618401
21916070.0,838.1512203673673,294.00297520661155,312.6417452313089,230.30389523169913,337.1760934279826,422.6569317382125,223.8396820139119
21916070.0,875.7449088960343,291.16408472968703,311.7488459924465,232.9961464354528,332.61807835412566,481.9236151995117,228.22176526415691
21916070.0,822.6418237551567,243.63059701492537,280.3778337531486,245.70967741935485,281.5118733509235,654.7038917089678,289.72265625
21916070.0,873.3010845986985,294.74798619102415,314.61270648030495,229.52590572652903,338.02659574468083,550.1922725046567,217.78204144282427
21916070.0,788.7329192546584,229.84444444444443,256.3085501858736,226.20430107526883,258.5753968253968,602.6961722488038,253.31037565026682
21916070.0,875.1438848920864,291.75429662635264,310.62552831783603,232.02166882276845,277.5179925531925,430.86094316807737,226.77295918367346
21916070.0,855.1639014663195,274.70991797166295,280.20867869332034,225.38299473288185,310.7506387327542,427.2748403994107,229.28721017202693
21916070.0,876.5898256848096,292.546362657698,312.28440175401965,233.46148929370406,332.0787984327384,431.7111722872218,229.02423670129053
21916070.0,883.8586466165414,294.56910299003323,302.1692906663268,230.3104961187985,337.81864211737627,422.30645350887505,223.1102231102231
21916070.0,751.3203883495146,241.32178946220273,209.94252873563218,180.38260869565218,206.19496855345912,436.1219512195122,227.20560747663552
21916070.0,875.3919942300757,292.07049441786285,310.55941537809787,231.5649918962723,333.42490599424906,430.50849997118655,266.76213113447363
21916070.0,833.6677524429967,258.23988439306356,289.818359375,243.22625698324023,315.0833333333333,413.88350324206,285.52095808383234
21916070.0,876.811475409836,290.8032166508988,314.89202272261,233.27587311759052,332.2841553906591,431.64504649293997,228.82991479962132
21916070.0,875.9971346704871,291.3149556400507,311.1703470031546,232.49501126488573,332.65986394557825,431.2500862366333,259.6591651726772
21916070.0,842.246511627907,257.3606557377049,271.83637946040034,222.24559023066485,289.42003676470586,532.9676674364896,230.47725513124794
21916070.0,782.2009345794393,241.97131147540983,271.099173553719,235.515625,271.46220930232556,502.8494934826447,279.75431034482756
21916070.0,816.912,239.22535211267606,288.3333333333333,250.7084745762712,284.0272952853598,527.9643118791769,293.5992647058824
21916070.0,876.8684221510316,294.00297520661155,312.6417452313089,230.30389523169913,337.1760934279826,422.6569317382125,223.8396820139119
21916070.0,875.7449088960343,291.16408472968703,311.35529883228014,232.9961464354528,332.61807835412566,431.32368315239245,228.22176526415691
21916070.0,808.4034410770674,243.63059701492537,280.3778337531486,245.70967741935485,281.5118733509235,654.7038917089678,289.72265625
21916070.0,873.3010845986985,294.74798619102415,314.61270648030495,229.52590572652903,338.02659574468083,449.9791625302632,217.78204144282427
21916070.0,788.7329192546584,229.84444444444443,316.73382548317863,226.20430107526883,258.5753968253968,602.6961722488038,269.60818713450294
21916070.0,875.1438848920864,291.75429662635264,310.62552831783603,232.02166882276845,337.9109909632474,430.86094316807737,226.77295918367346
21916070.0,874.7676957129529,274.70991797166295,280.20867869332034,225.38299473288185,310.7506387327542,427.2748403994107,229.28721017202693
21916070.0,876.5898256848096,290.73024866226,312.28440175401965,233.46148929370406,332.0787984327384,520.4052468844094,229.02423670129053
21916070.0,883.8586466165414,294.56910299003323,312.28470691934774,236.57897137378177,337.81864211737627,422.30645350887505,223.1102231102231
21916070.0,751.3203883495146,176.46902654867256,209.94252873563218,234.44830308034108,206.19496855345912,436.1219512195122,227.20560747663552
21916070.0,875.3919942300757,292.07049441786285,312.49415013095376,231.5649918962723,333.42490599424906,430.50849997118655,226.28868286445012
21916070.0,833.6677524429967,248.4519821148648,289.818359375,243.22625698324023,315.0833333333333,662.9427792915532,285.52095808383234
21916070.0,876.811475409836,290.8032166508988,312.0613227291754,233.27587311759052,291.8899822373225,431.64504649293997,228.82991479962132
21916070.0,875.9971346704871,244.68891944615856,311.1703470031546,232.49501126488573,332.65986394557825,431.2500862366333,227.5891497461929
21916070.0,842.246511627907,257.3606557377049,282.3502388290504,222.24559023066485,289.42003676470586,532.9676674364896,237.3991769547325
21916070.0,782.2009345794393,241.97131147540983,303.86079587539393,235.515625,271.46220930232556,646.88623853211,279.75431034482756
21916070.0,816.912,239.22535211267606,307.3001902741337,250.7084745762712,284.0272952853598,656.9902755267423,293.5992647058824
21916070.0,808.447893520003,294.00297520661155,312.6417452313089,230.30389523169913,337.1760934279826,422.6569317382125,223.8396820139119
21916070.0,875.7449088960343,244.58248406004878,311.7488459924465,232.9961464354528,332.61807835412566,431.32368315239245,228.22176526415691
21916070.0,817.5593220338983,243.63059701492537,280.3778337531486,245.70967741935485,291.7780833199554,654.7038917089678,289.72265625
21916070.0,873.3010845986985,294.74798619102415,314.61270648030495,244.7499449616434,338.02659574468083,423.7949002217295,217.78204144282427
21916070.0,788.7329192546584,254.11853046936594,256.3085501858736,226.20430107526883,258.5753968253968,602.6961722488038,269.60818713450294
21916070.0,875.1438848920864,291.75429662635264,310.62552831783603,237.1148829094278,333.2067519858782,430.86094316807737,226.77295918367346
21916070.0,830.413738789884,274.70991797166295,280.20867869332034,225.38299473288185,310.7506387327542,427.2748403994107,229.28721017202693
21916070.0,876.5898256848096,290.73024866226,312.28440175401965,233.46148929370406,332.0787984327384,431.7111722872218,244.9938782432372
21916070.0,829.9846714190652,294.56910299003323,312.28470691934774,230.3104961187985,337.81864211737627,422.30645350887505,223.1102231102231
21916070.0,751.3203883495146,176.46902654867256,209.94252873563218,180.38260869565218,206.19496855345912,436.1219512195122,234.40002965918896
21916070.0,875.3919942300757,292.07049441786285,310.55941537809787,218.7672721032541,333.42490599424906,430.50849997118655,226.28868286445012
21916070.0,833.6677524429967,258.23988439306356,289.818359375,243.22625698324023,337.8222218259262,662.9427792915532,285.52095808383234
21916070.0,876.811475409836,290.8032166508988,312.0613227291754,225.5068263836247,332.2841553906591,431.64504649293997,228.82991479962132
21916070.0,875.9971346704871,291.3149556400507,311.1703470031546,232.49501126488573,332.65986394557825,431.2500862366333,269.67348501738593
21916070.0,842.246511627907,257.3606557377049,270.3137676547869,222.24559023066485,289.42003676470586,532.9676674364896,237.3991769547325
21916070.0,862.6788712993608,241.97131147540983,271.099173553719,235.515625,271.46220930232556,646.88623853211,279.75431034482756
21916070.0,816.912,239.22535211267606,288.3333333333333,216.6775970589401,284.0272952853598,656.9902755267423,293.5992647058824
21916070.0,881.752523364486,294.00297520661155,304.77835749180235,230.30389523169913,337.1760934279826,422.6569317382125,223.8396820139119
21916070.0,875.7449088960343,295.5951101481433,311.7488459924465,232.9961464354528,332.61807835412566,431.32368315239245,228.22176526415691
21916070.0,817.5593220338983,243.63059701492537,280.3778337531486,245.70967741935485,281.5118733509235,511.679263986822,289.72265625
21916070.0,873.3010845986985,294.74798619102415,314.61270648030495,229.52590572652903,338.02659574468083,423.7949002217295,269.58259671970467
21916070.0,788.7329192546584,229.84444444444443,256.3085501858736,226.20430107526883,258.5753968253968,415.01224834447765,269.60818713450294
21916070.0,875.1438848920864,291.75429662635264,310.62552831783603,232.02166882276845,333.2067519858782,430.86094316807737,221.1201837966091
21916070.0,858.8223350253808,274.70991797166295,280.20867869332034,225.38299473288185,310.7506387327542,442.1637388480671,229.28721017202693
21916070.0,876.5898256848096,290.73024866226,312.28440175401965,215.7932650828269,332.0787984327384,431.7111722872218,229.02423670129053
21916070.0,883.8586466165414,294.56910299003323,312.28470691934774,231.97981081121958,337.81864211737627,422.30645350887505,223.1102231102231
21916070.0,751.3203883495146,176.46902654867256,288.61916102453733,180.38260869565218,206.19496855345912,436.1219512195122,227.20560747663552
21916070.0,875.3919942300757,292.07049441786285,310.55941537809787,238.81923680230477,333.42490599424906,430.50849997118655,226.28868286445012
21916070.0,833.6677524429967,258.23988439306356,289.818359375,243.22625698324023,315.0833333333333,534.9197166378298,285.52095808383234
21916070.0,876.811475409836,290.8032166508988,312.0613227291754,218.03002311482723,332.2841553906591,431.64504649293997,228.82991479962132
21916070.0,875.9971346704871,300.1495344520125,311.1703470031546,232.49501126488573,332.65986394557825,431.2500862366333,227.5891497461929
21916070.0,842.246511627907,257.3606557377049,296.33630650526356,222.24559023066485,289.42003676470586,532.9676674364896,237.3991769547325
21916070.0,782.2009345794393,263.2454984266558,271.099173553719,235.515625,271.46220930232556,646.88623853211,279.75431034482756
21916070.0,816.912,239.22535211267606,269.78799055829387,250.7084745762712,284.0272952853598,656.9902755267423,293.5992647058824
21916070.0,881.752523364486,294.00297520661155,312.6417452313089,230.30389523169913,337.1760934279826,422.6569317382125,263.53867076925127
21916070.0,875.7449088960343,291.16408472968703,311.7488459924465,232.9961464354528,332.61807835412566,403.0083963484892,228.22176526415691
21916070.0,817.5593220338983,243.63059701492537,280.3778337531486,245.70967741935485,303.8319604951283,654.7038917089678,289.72265625
21916070.0,873.3010845986985,294.74798619102415,314.61270648030495,229.52590572652903,338.02659574468083,438.24277488028383,217.78204144282427
21916070.0,788.7329192546584,229.84444444444443,256.3085501858736,227.30282006265392,258.5753968253968,602.6961722488038,269.60818713450294
21916070.0,875.1438848920864,277.1382867840817,310.62552831783603,232.02166882276845,333.2067519858782,430.86094316807737,226.77295918367346
21916070.0,858.8223350253808,274.70991797166295,280.20867869332034,225.38299473288185,310.7506387327542,427.2748403994107,228.26653177863687
21916070.0,876.5898256848096,241.61643207505253,312.28440175401965,233.46148929370406,332.0787984327384,431.7111722872218,229.02423670129053
21916070.0,883.8586466165414,294.56910299003323,312.28470691934774,226.71505371132395,337.81864211737627,422.30645350887505,223.1102231102231
21916070.0,751.3203883495146,176.46902654867256,209.94252873563218,180.38260869565218,331.7483936298647,436.1219512195122,227.20560747663552
21916070.0,886.4912423123233,292.07049441786285,310.55941537809787,231.5649918962723,333.42490599424906,430.50849997118655,226.28868286445012
21916070.0,833.6677524429967,258.23988439306356,289.818359375,219.94007059687655,315.0833333333333,662.9427792915532,285.52095808383234
21916070.0,876.811475409836,290.8032166508988,312.0613227291754,234.39585530627105,332.2841553906591,431.64504649293997,228.82991479962132
21916070.0,875.9971346704871,291.3149556400507,311.1703470031546,241.4559374477248,332.65986394557825,431.2500862366333,227.5891497461929
21916070.0,842.246511627907,257.3606557377049,271.83637946040034,235.6041830299546,289.42003676470586,532.9676674364896,237.3991769547325
21916070.0,782.2009345794393,241.97131147540983,310.3556061219897,235.515625,271.46220930232556,646.88623853211,279.75431034482756
21916070.0,816.912,239.22535211267606,288.3333333333333,234.2985291955736,284.0272952853598,656.9902755267423,293.5992647058824
21916070.0,881.752523364486,294.00297520661155,312.6417452313089,230.30389523169913,337.1760934279826,422.6569317382125,227.50938752783074
21916070.0,875.7449088960343,291.16408472968703,311.7488459924465,232.9961464354528,339.50712590542906,431.32368315239245,228.22176526415691
21916070.0,833.0775908612602,243.63059701492537,280.3778337531486,245.70967741935485,281.5118733509235,654.7038917089678,289.72265625
21916070.0,873.3010845986985,294.74798619102415,314.61270648030495,229.52590572652903,338.02659574468083,579.391662836701,217.78204144282427
21916070.0,788.7329192546584,229.84444444444443,256.3085501858736,226.20430107526883,258.5753968253968,602.6961722488038,234.03538298057512
21916070.0,875.1438848920864,291.75429662635264,310.62552831783603,232.02166882276845,281.2797904296676,430.86094316807737,226.77295918367346
21916070.0,858.8223350253808,274.70991797166295,297.3163782070297,225.38299473288185,310.7506387327542,427.2748403994107,229.28721017202693
21916070.0,876.5898256848096,290.47210951331874,312.28440175401965,233.46148929370406,332.0787984327384,431.7111722872218,229.02423670129053
21916070.0,883.8586466165414,294.56910299003323,312.28470691934774,230.3104961187985,292.13888638615674,422.30645350887505,223.1102231102231
21916070.0,751.3203883495146,176.46902654867256,209.94252873563218,180.38260869565218,206.19496855345912,560.7789553349579,227.20560747663552
21916070.0,870.9446228867499,292.07049441786285,310.55941537809787,231.5649918962723,333.42490599424906,430.50849997118655,226.28868286445012
21916070.0,833.6677524429967,258.23988439306356,289.818359375,243.22625698324023,334.86512418874565,662.9427792915532,285.52095808383234
21916070.0,810.5196115336432,290.8032166508988,312.0613227291754,233.27587311759052,332.2841553906591,431.64504649293997,228.82991479962132
21916070.0,875.9971346704871,237.3780780657376,311.1703470031546,232.49501126488573,332.65986394557825,431.2500862366333,227.5891497461929
21916070.0,867.5636232589835,257.3606557377049,271.83637946040034,222.24559023066485,289.42003676470586,532.9676674364896,237.3991769547325
21916070.0,782.2009345794393,241.97131147540983,271.099173553719,225.31545874133272,271.46220930232556,646.88623853211,279.75431034482756
21916070.0,816.912,287.7112589465868,288.3333333333333,250.7084745762712,284.0272952853598,656.9902755267423,293.5992647058824
21916070.0,881.752523364486,294.00297520661155,312.6417452313089,230.30389523169913,337.1760934279826,422.6569317382125,252.2387221238777
21916070.0,875.7449088960343,291.16408472968703,291.8066265715693,232.9961464354528,332.61807835412566,431.32368315239245,228.22176526415691
21916070.0,817.5593220338983,243.63059701492537,280.3778337531486,245.70967741935485,307.611180585696,654.7038917089678,289.72265625
21916070.0,873.3010845986985,294.74798619102415,314.61270648030495,229.52590572652903,276.98718391439036,423.7949002217295,217.78204144282427
21916070.0,788.7329192546584,229.84444444444443,256.3085501858736,226.20430107526883,258.5753968253968,602.6961722488038,260.35452034502356
21916070.0,875.1438848920864,291.75429662635264,310.62552831783603,232.02166882276845,333.2067519858782,430.86094316807737,249.1922206556675
21916070.0,866.5806887561093,274.70991797166295,280.20867869332034,225.38299473288185,310.7506387327542,427.2748403994107,229.28721017202693
21916070.0,876.5898256848096,290.73024866226,312.28440175401965,233.46148929370406,332.0787984327384,431.7111722872218,227.73340515893864
21916070.0,883.8586466165414,294.56910299003323,312.28470691934774,230.3104961187985,337.2630499209339,422.30645350887505,223.1102231102231
21916070.0,751.3203883495146,176.46902654867256,209.94252873563218,239.92291488350827,206.19496855345912,436.1219512195122,227.20560747663552
21916070.0,875.3919942300757,292.07049441786285,310.55941537809787,240.50695568635206,333.42490599424906,430.50849997118655,226.28868286445012
21916070.0,833.6677524429967,258.23988439306356,289.818359375,233.48319190360414,315.0833333333333,662.9427792915532,285.52095808383234
21916070.0,876.811475409836,291.06704252889426,312.0613227291754,233.27587311759052,332.2841553906591,431.64504649293997,228.82991479962132
21916070.0,875.9971346704871,291.3149556400507,311.1703470031546,232.49501126488573,332.65986394557825,431.2500862366333,217.62459269391766
21916070.0,866.0683561502358,257.3606557377049,271.83637946040034,222.24559023066485,289.42003676470586,532.9676674364896,237.3991769547325
21916070.0,782.2009345794393,241.97131147540983,291.9115343510766,235.515625,271.46220930232556,646.88623853211,279.75431034482756
21916070.0,816.912,239.22535211267606,282.07780552365136,250.7084745762712,284.0272952853598,656.9902755267423,293.5992647058824
21916070.0,881.752523364486,294.00297520661155,312.6417452313089,240.93155957094606,337.1760934279826,422.6569317382125,223.8396820139119
21916070.0,875.7449088960343,291.16408472968703,311.7488459924465,232.9961464354528,332.61807835412566,431.32368315239245,232.99957575046176
21916070.0,817.5593220338983,243.63059701492537,280.3778337531486,226.89584673246964,281.5118733509235,654.7038917089678,289.72265625
21916070.0,873.3010845986985,294.74798619102415,314.61270648030495,217.39850697735164,338.02659574468083,423.7949002217295,217.78204144282427
21916070.0,788.7329192546584,229.84444444444443,256.3085501858736,226.20430107526883,258.5753968253968,586.7831534544225,269.60818713450294
21916070.0,875.1438848920864,253.70006637283097,310.62552831783603,232.02166882276845,333.2067519858782,430.86094316807737,226.77295918367346
21916070.0,858.8223350253808,274.70991797166295,280.20867869332034,225.38299473288185,310.7506387327542,427.2748403994107,234.6997675181625
21916070.0,844.7006582774931,290.73024866226,312.28440175401965,233.46148929370406,332.0787984327384,431.7111722872218,229.02423670129053
21916070.0,883.8586466165414,267.25949436847003,312.28470691934774,230.3104961187985,337.81864211737627,422.30645350887505,223.1102231102231
21916070.0,751.3203883495146,176.46902654867256,209.94252873563218,180.38260869565218,206.19496855345912,436.1219512195122,249.29157650859298
21916070.0,860.5330423126225,292.07049441786285,310.55941537809787,231.5649918962723,333.42490599424906,430.50849997118655,226.28868286445012
21916070.0,833.6677524429967,288.34988611596697,289.818359375,243.22625698324023,315.0833333333333,662.9427792915532,285.52095808383234
21916070.0,876.811475409836,290.8032166508988,286.507330602847,233.27587311759052,332.2841553906591,431.64504649293997,228.82991479962132
21916070.0,875.9971346704871,291.3149556400507,311.1703470031546,232.49501126488573,304.9227501518043,431.2500862366333,227.5891497461929
21916070.0,842.246511627907,257.3606557377049,271.83637946040034,216.94928495350123,289.42003676470586,532.9676674364896,237.3991769547325
21916070.0,782.2009345794393,241.97131147540983,271.099173553719,238.52005483681552,271.46220930232556,646.88623853211,279.75431034482756
21916070.0,807.7281973137352,239.22535211267606,288.3333333333333,250.7084745762712,284.0272952853598,656.9902755267423,293.5992647058824
21916070.0,881.752523364486,294.00297520661155,312.6417452313089,230.30389523169913,280.11479757453014,422.6569317382125,223.8396820139119
21916070.0,875.7449088960343,291.16408472968703,269.23922447499785,232.9961464354528,332.61807835412566,431.32368315239245,228.22176526415691
21916070.0,817.5593220338983,243.63059701492537,280.3778337531486,245.70967741935485,318.5110455161325,654.7038917089678,289.72265625
21916070.0,873.3010845986985,260.07940179784384,314.61270648030495,229.52590572652903,338.02659574468083,423.7949002217295,217.78204144282427
21916070.0,788.7329192546584,229.84444444444443,256.3085501858736,226.20430107526883,258.5753968253968,602.6961722488038,258.8487883502626
21916070.0,877.6437413863184,291.75429662635264,310.62552831783603,232.02166882276845,333.2067519858782,430.86094316807737,226.77295918367346
21916070.0,858.8223350253808,274.70991797166295,280.20867869332034,225.38299473288185,322.3652568564539,427.2748403994107,229.28721017202693
21916070.0,876.5898256848096,290.73024866226,312.28440175401965,233.46148929370406,317.2705908015852,431.7111722872218,229.02423670129053
21916070.0,883.8586466165414,294.56910299003323,300.01998586019397,230.3104961187985,337.81864211737627,422.30645350887505,223.1102231102231
21916070.0,751.3203883495146,176.46902654867256,209.94252873563218,180.38260869565218,206.19496855345912,541.8654913598574,227.20560747663552
21916070.0,875.3919942300757,292.07049441786285,307.81677421269194,231.5649918962723,333.42490599424906,430.50849997118655,226.28868286445012
21916070.0,833.6677524429967,298.1633969922416,289.818359375,243.22625698324023,315.0833333333333,662.9427792915532,285.52095808383234
21916070.0,876.811475409836,290.8032166508988,312.0613227291754,239.14532715591315,332.2841553906591,431.64504649293997,228.82991479962132
21916070.0,875.9971346704871,291.3149556400507,311.1703470031546,232.49501126488573,332.65986394557825,574.0330347935287,227.5891497461929
21916070.0,842.246511627907,257.3606557377049,271.83637946040034,222.24559023066485,289.42003676470586,596.4735740260408,237.3991769547325
21916070.0,847.804058493641,241.97131147540983,271.099173553719,235.515625,271.46220930232556,646.88623853211,279.75431034482756
21916070.0,816.912,239.22535211267606,288.3333333333333,250.7084745762712,284.0272952853598,656.9902755267423,270.74151370013874
21916070.0,869.4758459158564,294.00297520661155,312.6417452313089,230.30389523169913,337.1760934279826,422.6569317382125,223.8396820139119
21916070.0,875.7449088960343,291.16408472968703,311.7488459924465,226.52474393141134,332.61807835412566,431.32368315239245,228.22176526415691
21916070.0,817.5593220338983,264.85144372495915,280.3778337531486,245.70967741935485,281.5118733509235,654.7038917089678,289.72265625
21916070.0,873.3010845986985,294.74798619102415,314.61270648030495,229.52590572652903,338.02659574468083,423.7949002217295,250.92788461712811
21916070.0,879.3447315561737,229.84444444444443,256.3085501858736,226.20430107526883,258.5753968253968,602.6961722488038,269.60818713450294
21916070.0,845.098885657031,291.75429662635264,310.62552831783603,232.02166882276845,333.2067519858782,430.86094316807737,226.77295918367346
21916070.0,882.8747059243251,274.70991797166295,280.20867869332034,225.38299473288185,310.7506387327542,427.2748403994107,229.28721017202693
21916070.0,876.5898256848096,290.73024866226,312.28440175401965,233.46148929370406,332.0787984327384,512.6446620200969,229.02423670129053
21916070.0,883.8586466165414,249.89646147568402,312.28470691934774,230.3104961187985,337.81864211737627,422.30645350887505,223.1102231102231
21916070.0,751.3203883495146,176.46902654867256,209.94252873563218,180.38260869565218,206.19496855345912,436.1219512195122,261.1324224680792
21916070.0,875.3919942300757,292.07049441786285,310.55941537809787,231.5649918962723,333.42490599424906,555.1801902226543,226.28868286445012
21916070.0,833.6677524429967,258.23988439306356,289.818359375,243.22625698324023,315.0833333333333,503.4255714152023,285.52095808383234
21916070.0,876.811475409836,290.8032166508988,312.0613227291754,233.27587311759052,292.9516886760554,431.64504649293997,228.82991479962132
21916070.0,817.0543997596743,291.3149556400507,311.1703470031546,232.49501126488573,332.65986394557825,431.2500862366333,227.5891497461929
21916070.0,842.246511627907,257.3606557377049,271.83637946040034,222.24559023066485,301.6339497111446,532.9676674364896,237.3991769547325
21916070.0,882.131040778725,241.97131147540983,271.099173553719,235.515625,271.46220930232556,646.88623853211,279.75431034482756
21916070.0,816.912,239.22535211267606,288.3333333333333,217.41809963726092,284.0272952853598,656.9902755267423,293.5992647058824
21916070.0,881.752523364486,294.00297520661155,312.6417452313089,238.39231403190755,337.1760934279826,422.6569317382125,223.8396820139119
21916070.0,875.7449088960343,291.16408472968703,311.7488459924465,232.9961464354528,332.61807835412566,590.6350334849782,228.22176526415691
21916070.0,817.5593220338983,243.63059701492537,280.3778337531486,245.70967741935485,281.5118733509235,654.7038917089678,240.8369474567048
21916070.0,873.3010845986985,294.74798619102415,314.61270648030495,229.52590572652903,338.02659574468083,481.8293769860149,217.78204144282427
21916070.0,788.7329192546584,229.84444444444443,256.3085501858736,242.68406076382928,258.5753968253968,602.6961722488038,269.60818713450294
21916070.0,875.1438848920864,291.75429662635264,304.08908289565096,232.02166882276845,333.2067519858782,430.86094316807737,226.77295918367346
21916070.0,834.0893027306507,274.70991797166295,280.20867869332034,225.38299473288185,310.7506387327542,427.2748403994107,229.28721017202693
21916070.0,834.6453159429866,290.73024866226,312.28440175401965,233.46148929370406,332.0787984327384,431.7111722872218,229.02423670129053
21916070.0,833.5079505920161,294.56910299003323,312.28470691934774,230.3104961187985,337.81864211737627,422.30645350887505,223.1102231102231
21916070.0,751.3203883495146,235.3470518493423,209.94252873563218,180.38260869565218,206.19496855345912,436.1219512195122,227.20560747663552
21916070.0,875.3919942300757,288.9272639200997,310.55941537809787,231.5649918962723,333.42490599424906,430.50849997118655,226.28868286445012
21916070.0,854.1943710881184,258.23988439306356,289.818359375,243.22625698324023,315.0833333333333,662.9427792915532,285.52095808383234
21916070.0,876.811475409836,248.4608522748866,312.0613227291754,233.27587311759052,332.2841553906591,431.64504649293997,228.82991479962132
21916070.0,875.9971346704871,278.3317729241039,311.1703470031546,232.49501126488573,332.65986394557825,431.2500862366333,227.5891497461929
21916070.0,842.246511627907,257.3606557377049,271.83637946040034,222.24559023066485,289.42003676470586,587.3373548818408,237.3991769547325
21916070.0,866.6639988601675,241.97131147540983,271.099173553719,235.515625,271.46220930232556,646.88623853211,279.75431034482756
21916070.0,816.912,239.22535211267606,284.1354482396684,250.7084745762712,284.0272952853598,656.9902755267423,293.5992647058824
21916070.0,881.8866743767801,294.00297520661155,312.6417452313089,230.30389523169913,337.1760934279826,422.6569317382125,223.8396820139119
21916070.0,875.7449088960343,291.5875182389255,311.7488459924465,232.9961464354528,332.61807835412566,431.32368315239245,228.22176526415691
21916070.0,817.5593220338983,264.75725818897354,280.3778337531486,245.70967741935485,281.5118733509235,654.7038917089678,289.72265625
21916070.0,873.3010845986985,294.74798619102415,314.61270648030495,225.72424260763347,338.02659574468083,423.7949002217295,217.78204144282427
21916070.0,788.7329192546584,229.84444444444443,270.6430920570329,226.20430107526883,258.5753968253968,602.6961722488038,269.60818713450294
21916070.0,875.1438848920864,258.6771041951867,310.62552831783603,232.02166882276845,333.2067519858782,430.86094316807737,226.77295918367346
21916070.0,858.8223350253808,274.70991797166295,280.20867869332034,243.9121539832618,310.7506387327542,427.2748403994107,229.28721017202693
21916070.0,876.5898256848096,290.73024866226,316.2044740172652,233.46148929370406,332.0787984327384,431.7111722872218,229.02423670129053
21916070.0,883.8586466165414,294.56910299003323,312.28470691934774,230.3104961187985,317.5385490249581,422.30645350887505,223.1102231102231
21916070.0,751.3203883495146,273.9608706154071,209.94252873563218,180.38260869565218,206.19496855345912,436.1219512195122,227.20560747663552
21916070.0,813.5034828517937,292.07049441786285,310.55941537809787,231.5649918962723,333.42490599424906,430.50849997118655,226.28868286445012
21916070.0,833.6677524429967,258.23988439306356,289.818359375,243.22625698324023,293.13396140890217,662.9427792915532,285.52095808383234
21916070.0,876.811475409836,290.8032166508988,312.0613227291754,242.04656845131322,332.2841553906591,431.64504649293997,228.82991479962132
21916070.0,875.9971346704871,287.9592679126374,311.1703470031546,232.49501126488573,332.65986394557825,431.2500862366333,227.5891497461929
21916070.0,842.246511627907,257.3606557377049,291.99479354519286,222.24559023066485,289.42003676470586,532.9676674364896,237.3991769547325
21916070.0,782.2009345794393,284.67893464286635,271.099173553719,235.515625,271.46220930232556,646.88623853211,279.75431034482756
21916070.0,816.912,239.22535211267606,284.3235600521706,250.7084745762712,284.0272952853598,656.9902755267423,293.5992647058824
21916070.0,881.752523364486,294.00297520661155,312.6417452313089,230.30389523169913,337.1760934279826,406.7807714859723,223.8396820139119
21916070.0,875.7449088960343,274.5031892449337,311.7488459924465,232.9961464354528,332.61807835412566,431.32368315239245,228.22176526415691
21916070.0,817.5593220338983,243.63059701492537,280.3778337531486,217.86060799725067,281.5118733509235,654.7038917089678,289.72265625
21916070.0,815.928406389722,294.74798619102415,314.61270648030495,229.52590572652903,338.02659574468083,423.7949002217295,217.78204144282427
21916070.0,788.7329192546584,229.84444444444443,294.3912179171764,226.20430107526883,258.5753968253968,602.6961722488038,269.60818713450294
21916070.0,875.1438848920864,291.75429662635264,310.62552831783603,232.02166882276845,333.2067519858782,584.9355111156235,226.77295918367346
21916070.0,858.8223350253808,274.70991797166295,280.20867869332034,225.38299473288185,301.6437834589061,427.2748403994107,229.28721017202693
21916070.0,876.5898256848096,290.73024866226,312.28440175401965,233.46148929370406,332.0787984327384,469.1873937545793,229.02423670129053
21916070.0,883.8586466165414,264.1455279220641,312.28470691934774,230.3104961187985,337.81864211737627,422.30645350887505,223.1102231102231
21916070.0,751.3203883495146,176.46902654867256,299.2618612908828,180.38260869565218,206.19496855345912,436.1219512195122,227.20560747663552
21916070.0,875.3919942300757,292.07049441786285,310.55941537809787,231.5649918962723,274.54862487883577,430.50849997118655,226.28868286445012
21916070.0,833.6677524429967,258.23988439306356,289.818359375,215.8102771248113,315.0833333333333,662.9427792915532,285.52095808383234
21916070.0,876.811475409836,290.8032166508988,312.0613227291754,233.27587311759052,332.2841553906591,579.8479681323505,228.82991479962132
21916070.0,875.9971346704871,291.3149556400507,311.1703470031546,221.58014202347076,332.65986394557825,431.2500862366333,227.5891497461929
21916070.0,842.246511627907,257.3606557377049,317.0634597238954,222.24559023066485,289.42003676470586,532.9676674364896,237.3991769547325
21916070.0,883.3265051137827,241.97131147540983,271.099173553719,235.515625,271.46220930232556,646.88623853211,279.75431034482756
21916070.0,816.912,239.22535211267606,288.3333333333333,250.7084745762712,284.0272952853598,656.9902755267423,222.42423825889995
21916070.0,851.0307963038523,294.00297520661155,312.6417452313089,230.30389523169913,337.1760934279826,422.6569317382125,223.8396820139119
21916070.0,875.7449088960343,291.16408472968703,311.7488459924465,232.9961464354528,332.61807835412566,428.56544230086087,228.22176526415691
21916070.0,817.5593220338983,243.63059701492537,280.3778337531486,245.70967741935485,281.5118733509235,487.72877178349916,289.72265625
21916070.0,873.3010845986985,294.74798619102415,314.61270648030495,221.03108627024778,338.02659574468083,423.7949002217295,217.78204144282427
21916070.0,788.7329192546584,229.84444444444443,256.3085501858736,228.2989577147637,258.5753968253968,602.6961722488038,269.60818713450294
21916070.0,875.1438848920864,298.2338103314117,310.62552831783603,232.02166882276845,333.2067519858782,430.86094316807737,226.77295918367346
21916070.0,858.8223350253808,274.70991797166295,316.2032207250662,225.38299473288185,310.7506387327542,427.2748403994107,229.28721017202693
21916070.0,876.5898256848096,258.2219663627809,312.28440175401965,233.46148929370406,332.0787984327384,431.7111722872218,229.02423670129053
21916070.0,883.8586466165414,294.56910299003323,312.28470691934774,230.3104961187985,337.81864211737627,526.4184300040934,223.1102231102231
21916070.0,751.3203883495146,176.46902654867256,209.94252873563218,237.8381225166023,206.19496855345912,436.1219512195122,227.20560747663552
21916070.0,875.3919942300757,292.07049441786285,263.3984687803578,231.5649918962723,333.42490599424906,430.50849997118655,226.28868286445012
21916070.0,833.6677524429967,258.23988439306356,289.818359375,243.22625698324023,315.0833333333333,488.3206353214363,285.52095808383234
21916070.0,876.811475409836,290.8032166508988,312.0613227291754,215.79107129259268,332.2841553906591,431.64504649293997,228.82991479962132
21916070.0,875.9971346704871,291.3149556400507,269.7566454574293,232.49501126488573,332.65986394557825,431.2500862366333,227.5891497461929
21916070.0,842.246511627907,257.3606557377049,271.83637946040034,222.24559023066485,289.42003676470586,458.3773268405384,237.3991769547325
21916070.0,782.2009345794393,241.97131147540983,271.099173553719,235.515625,281.86390533116304,646.88623853211,279.75431034482756
21916070.0,816.912,239.22535211267606,288.3333333333333,250.7084745762712,284.0272952853598,549.5037901065799,293.5992647058824
21916070.0,860.9148164981211,294.00297520661155,312.6417452313089,230.30389523169913,337.1760934279826,422.6569317382125,223.8396820139119
21916070.0,875.7449088960343,291.16408472968703,311.7488459924465,232.9961464354528,332.61807835412566,431.32368315239245,268.8396457288111
21916070.0,817.5593220338983,243.63059701492537,280.3778337531486,245.70967741935485,326.91500306615933,654.7038917089678,289.72265625
21916070.0,873.3010845986985,294.74798619102415,298.9807526358119,229.52590572652903,338.02659574468083,423.7949002217295,217.78204144282427
21916070.0,815.0068096665647,229.84444444444443,256.3085501858736,226.20430107526883,258.5753968253968,602.6961722488038,269.60818713450294
21916070.0,875.1438848920864,291.75429662635264,310.62552831783603,232.02166882276845,333.2067519858782,405.6252681186798,226.77295918367346
21916070.0,858.8223350253808,274.70991797166295,285.78963583993385,225.38299473288185,310.7506387327542,427.2748403994107,229.28721017202693
21916070.0,876.5898256848096,290.73024866226,312.28440175401965,233.46148929370406,323.0455364193408,431.7111722872218,229.02423670129053
21916070.0,883.8586466165414,294.56910299003323,312.28470691934774,218.57196540056609,337.81864211737627,422.30645350887505,223.1102231102231
21916070.0,751.3203883495146,176.46902654867256,283.27115389623543,180.38260869565218,206.19496855345912,436.1219512195122,227.20560747663552
21916070.0,875.3919942300757,292.07049441786285,310.55941537809787,231.5649918962723,333.42490599424906,430.50849997118655,257.6377257714978
21916070.0,833.6677524429967,274.11918683114516,289.818359375,243.22625698324023,315.0833333333333,662.9427792915532,285.52095808383234
21916070.0,810.8574044911087,290.8032166508988,312.0613227291754,233.27587311759052,332.2841553906591,431.64504649293997,228.82991479962132
21916070.0,875.9971346704871,291.3149556400507,280.5487657545371,232.49501126488573,332.65986394557825,431.2500862366333,227.5891497461929
21916070.0,842.246511627907,257.3606557377049,269.96710520736434,222.24559023066485,289.42003676470586,532.9676674364896,237.3991769547325
21916070.0,782.2009345794393,241.97131147540983,271.099173553719,235.515625,271.46220930232556,646.88623853211,230.07198762722726
21916070.0,816.912,239.22535211267606,288.3333333333333,250.7084745762712,284.0272952853598,656.9902755267423,225.4161782703066
21916070.0,881.752523364486,294.00297520661155,312.6417452313089,240.96276453210226,337.1760934279826,422.6569317382125,223.8396820139119
21916070.0,875.7449088960343,291.16408472968703,292.6441755682485,232.9961464354528,332.61807835412566,431.32368315239245,228.22176526415691
21916070.0,817.5593220338983,243.63059701492537,280.3778337531486,245.70967741935485,309.1455262021791,654.7038917089678,289.72265625
21916070.0,873.3010845986985,269.8784189344849,314.61270648030495,229.52590572652903,338.02659574468083,423.7949002217295,217.78204144282427
21916070.0,788.7329192546584,229.84444444444443,256.3085501858736,243.7571925587965,258.5753968253968,602.6961722488038,269.60818713450294
21916070.0,875.1438848920864,291.75429662635264,310.62552831783603,232.02166882276845,300.24743156749383,430.86094316807737,226.77295918367346
21916070.0,858.8223350253808,274.70991797166295,280.20867869332034,225.38299473288185,310.7506387327542,427.2748403994107,265.74244420538787
21916070.0,876.5898256848096,290.73024866226,279.7950396299853,233.46148929370406,332.0787984327384,431.7111722872218,229.02423670129053
21916070.0,883.8586466165414,294.56910299003323,295.3767683665845,230.3104961187985,337.81864211737627,422.30645350887505,223.1102231102231
21916070.0,751.3203883495146,245.08937860830332,209.94252873563218,180.38260869565218,206.19496855345912,436.1219512195122,227.20560747663552
21916070.0,875.3919942300757,292.07049441786285,310.55941537809787,231.5649918962723,333.42490599424906,421.8126388291701,226.28868286445012
21916070.0,833.6677524429967,258.23988439306356,289.818359375,233.0002884053717,315.0833333333333,662.9427792915532,285.52095808383234
21916070.0,876.811475409836,271.74848524264235,312.0613227291754,233.27587311759052,332.2841553906591,431.64504649293997,228.82991479962132
21916070.0,875.9971346704871,291.3149556400507,283.2844687381741,232.49501126488573,332.65986394557825,431.2500862366333,227.5891497461929
21916070.0,842.246511627907,257.3606557377049,271.83637946040034,237.46372948827886,289.42003676470586,532.9676674364896,237.3991769547325
21916070.0,782.2009345794393,266.25843070532505,271.099173553719,235.515625,271.46220930232556,646.88623853211,279.75431034482756
21916070.0,816.912,239.22535211267606,288.3333333333333,250.7084745762712,284.0272952853598,498.94319060032376,293.5992647058824
21916070.0,881.752523364486,294.00297520661155,312.6417452313089,234.79979154820194,337.1760934279826,422.6569317382125,223.8396820139119
21916070.0,841.6242946061749,291.16408472968703,311.7488459924465,232.9961464354528,332.61807835412566,431.32368315239245,228.22176526415691
21916070.0,817.5593220338983,284.03993155558385,280.3778337531486,245.70967741935485,281.5118733509235,654.7038917089678,289.72265625
21916070.0,878.142782160463,294.74798619102415,314.61270648030495,229.52590572652903,338.02659574468083,423.7949002217295,217.78204144282427
21916070.0,788.7329192546584,236.37903323897518,256.3085501858736,226.20430107526883,258.5753968253968,602.6961722488038,269.60818713450294
21916070.0,875.1438848920864,291.75429662635264,310.62552831783603,227.09665989887662,333.2067519858782,430.86094316807737,226.77295918367346
21916070.0,874.7565686674483,274.70991797166295,280.20867869332034,225.38299473288185,310.7506387327542,427.2748403994107,229.28721017202693
21916070.0,861.632815037982,290.73024866226,312.28440175401965,233.46148929370406,332.0787984327384,431.7111722872218,229.02423670129053
21916070.0,861.5834678511654,294.56910299003323,312.28470691934774,230.3104961187985,337.81864211737627,422.30645350887505,223.1102231102231
21916070.0,751.3203883495146,176.46902654867256,209.94252873563218,180.38260869565218,206.19496855345912,584.5757457884603,227.20560747663552
21916070.0,875.3919942300757,292.07049441786285,310.55941537809787,215.75114671662058,333.42490599424906,430.50849997118655,226.28868286445012
21916070.0,814.6213644478363,258.23988439306356,289.818359375,243.22625698324023,315.0833333333333,662.9427792915532,285.52095808383234
21916070.0,887.3969066002225,290.8032166508988,312.0613227291754,233.27587311759052,332.2841553906591,431.64504649293997,228.82991479962132
21916070.0,875.9971346704871,291.3149556400507,311.1703470031546,232.49501126488573,332.65986394557825,431.2500862366333,251.38315120603534
21916070.0,842.246511627907,257.3606557377049,304.3463808622048,222.24559023066485,289.42003676470586,532.9676674364896,237.3991769547325
21916070.0,782.2009345794393,244.0039112482573,271.099173553719,235.515625,271.46220930232556,646.88623853211,279.75431034482756
21916070.0,816.912,239.22535211267606,288.3333333333333,250.7084745762712,291.65859022923405,656.9902755267423,293.5992647058824
21916070.0,840.8036675167104,294.00297520661155,312.6417452313089,230.30389523169913,337.1760934279826,422.6569317382125,223.8396820139119
21916070.0,875.7449088960343,291.16408472968703,311.7488459924465,232.9961464354528,332.61807835412566,464.25484629419896,228.22176526415691
21916070.0,817.5593220338983,256.58802603060116,280.3778337531486,245.70967741935485,281.5118733509235,654.7038917089678,289.72265625
21916070.0,873.3010845986985,294.74798619102415,314.61270648030495,229.52590572652903,338.02659574468083,579.0258844047186,217.78204144282427
21916070.0,788.7329192546584,229.84444444444443,256.3085501858736,219.92877856993937,258.5753968253968,602.6961722488038,269.60818713450294
21916070.0,875.1438848920864,291.75429662635264,310.62552831783603,232.02166882276845,333.2067519858782,427.2744082555821,226.77295918367346
21916070.0,858.8223350253808,274.70991797166295,270.590321316463,225.38299473288185,310.7506387327542,427.2748403994107,229.28721017202693
21916070.0,876.5898256848096,264.1000421672969,312.28440175401965,233.46148929370406,332.0787984327384,431.7111722872218,229.02423670129053
21916070.0,883.8586466165414,294.56910299003323,312.28470691934774,230.3104961187985,337.81864211737627,422.30645350887505,270.06856874156915
21916070.0,751.3203883495146,176.46902654867256,209.94252873563218,239.3667483773971,206.19496855345912,436.1219512195122,227.20560747663552
21916070.0,875.3919942300757,292.07049441786285,310.55941537809787,237.09309157819837,333.42490599424906,430.50849997118655,226.28868286445012
21916070.0,833.6677524429967,258.23988439306356,289.818359375,243.22625698324023,315.0833333333333,662.9427792915532,227.19370923966974
21916070.0,876.811475409836,273.5311164578961,312.0613227291754,233.27587311759052,332.2841553906591,431.64504649293997,228.82991479962132
21916070.0,879.6655238576609,291.3149556400507,311.1703470031546,232.49501126488573,332.65986394557825,431.2500862366333,227.5891497461929
21916070.0,824.3307626342058,257.3606557377049,271.83637946040034,222.24559023066485,289.42003676470586,532.9676674364896,237.3991769547325
21916070.0,876.7980411416613,241.97131147540983,271.099173553719,235.515625,271.46220930232556,646.88623853211,279.75431034482756
21916070.0,816.912,239.22535211267606,266.51207985606476,250.7084745762712,284.0272952853598,656.9902755267423,293.5992647058824
21916070.0,881.752523364486,294.00297520661155,312.6417452313089,230.30389523169913,337.1760934279826,534.5533509248752,223.8396820139119
21916070.0,875.7449088960343,275.13708860995814,311.7488459924465,232.9961464354528,332.61807835412566,431.32368315239245,228.22176526415691
21916070.0,817.5593220338983,243.63059701492537,280.3778337531486,245.70967741935485,276.688424286568,654.7038917089678,289.72265625
21916070.0,873.3010845986985,294.74798619102415,314.61270648030495,229.52590572652903,338.02659574468083,423.7949002217295,244.39855721517574
21916070.0,788.7329192546584,229.84444444444443,306.849283171296,226.20430107526883,258.5753968253968,602.6961722488038,269.60818713450294
21916070.0,875.1438848920864,291.75429662635264,286.5238243953291,232.02166882276845,333.2067519858782,430.86094316807737,226.77295918367346
21916070.0,857.1011981776655,274.70991797166295,280.20867869332034,225.38299473288185,310.7506387327542,427.2748403994107,229.28721017202693
21916070.0,876.5898256848096,290.73024866226,312.28440175401965,233.46148929370406,319.74836027841195,431.7111722872218,229.02423670129053
21916070.0,883.8586466165414,294.56910299003323,312.28470691934774,230.3104961187985,337.81864211737627,590.6681962750438,223.1102231102231
21916070.0,751.3203883495146,176.46902654867256,209.94252873563218,180.38260869565218,206.19496855345912,586.4900571716561,227.20560747663552
21916070.0,875.3919942300757,292.07049441786285,310.55941537809787,231.5649918962723,304.0543677939496,430.50849997118655,226.28868286445012
21916070.0,833.6677524429967,258.23988439306356,303.04875569034795,243.22625698324023,315.0833333333333,662.9427792915532,285.52095808383234
21916070.0,876.811475409836,257.01841599947386,312.0613227291754,233.27587311759052,332.2841553906591,431.64504649293997,228.82991479962132
21916070.0,808.6624068888599,291.3149556400507,311.1703470031546,232.49501126488573,332.65986394557825,431.2500862366333,227.5891497461929
21916070.0,842.246511627907,257.85340056592315,271.83637946040034,222.24559023066485,289.42003676470586,532.9676674364896,237.3991769547325
21916070.0,782.2009345794393,241.97131147540983,300.25459905339505,235.515625,271.46220930232556,646.88623853211,279.75431034482756
21916070.0,816.912,238.9051417569673,288.3333333333333,250.7084745762712,284.0272952853598,656.9902755267423,293.5992647058824
21916070.0,881.752523364486,294.00297520661155,312.6417452313089,235.63916370306134,337.1760934279826,422.6569317382125,223.8396820139119
21916070.0,875.7449088960343,291.16408472968703,311.7488459924465,232.9961464354528,299.7344018315314,431.32368315239245,228.22176526415691
21916070.0,817.5593220338983,264.7344831017682,280.3778337531486,245.70967741935485,281.5118733509235,654.7038917089678,289.72265625
21916070.0,873.3010845986985,294.74798619102415,297.64001183874865,229.52590572652903,338.02659574468083,423.7949002217295,217.78204144282427
21916070.0,788.7329192546584,229.84444444444443,256.3085501858736,226.20430107526883,335.90160221655856,602.6961722488038,269.60818713450294
21916070.0,875.1438848920864,291.75429662635264,310.62552831783603,232.02166882276845,333.2067519858782,430.86094316807737,233.88318551994135
21916070.0,858.8223350253808,274.70991797166295,280.20867869332034,225.38299473288185,304.1392992824821,427.2748403994107,229.28721017202693
21916070.0,876.5898256848096,290.73024866226,277.71989548923676,233.46148929370406,332.0787984327384,431.7111722872218,229.02423670129053
21916070.0,883.8586466165414,294.56910299003323,312.28470691934774,230.3104961187985,273.5442954860258,422.30645350887505,223.1102231102231
21916070.0,751.3203883495146,176.46902654867256,267.8177408921313,180.38260869565218,206.19496855345912,436.1219512195122,227.20560747663552
21916070.0,875.3919942300757,292.07049441786285,310.55941537809787,231.5649918962723,333.42490599424906,430.50849997118655,245.07362619058534
21916070.0,833.6677524429967,290.1381637060133,289.818359375,243.22625698324023,315.0833333333333,662.9427792915532,285.52095808383234
21916070.0,876.811475409836,290.8032166508988,301.2731525106389,233.27587311759052,332.2841553906591,431.64504649293997,228.82991479962132
21916070.0,875.9971346704871,291.3149556400507,311.1703470031546,232.49501126488573,332.65986394557825,458.410194417285,227.5891497461929
21916070.0,842.246511627907,257.3606557377049,271.83637946040034,222.24559023066485,334.20316768964216,532.9676674364896,237.3991769547325
21916070.0,782.2009345794393,241.97131147540983,290.5128468053469,235.515625,271.46220930232556,646.88623853211,279.75431034482756
21916070.0,816.912,239.22535211267606,288.3333333333333,250.7084745762712,284.0272952853598,656.9902755267423,255.31002152482415
21916070.0,830.2436425603082,294.00297520661155,312.6417452313089,230.30389523169913,337.1760934279826,422.6569317382125,223.8396820139119
21916070.0,875.7449088960343,291.16408472968703,311.7488459924465,232.9961464354528,275.6255410816156,431.32368315239245,228.22176526415691
21916070.0,817.5593220338983,243.63059701492537,280.3778337531486,230.1749360478457,281.5118733509235,654.7038917089678,289.72265625
21916070.0,873.3010845986985,294.74798619102415,314.61270648030495,216.9621374258235,338.02659574468083,423.7949002217295,217.78204144282427
21916070.0,788.7329192546584,229.84444444444443,256.3085501858736,226.20430107526883,258.5753968253968,602.6961722488038,238.95275902222704
21916070.0,875.1438848920864,291.75429662635264,310.62552831783603,229.1485282602253,333.2067519858782,430.86094316807737,226.77295918367346
21916070.0,812.1061211344634,274.70991797166295,280.20867869332034,225.38299473288185,310.7506387327542,427.2748403994107,229.28721017202693
21916070.0,876.5898256848096,241.22574399855117,312.28440175401965,233.46148929370406,332.0787984327384,431.7111722872218,229.02423670129053
21916070.0,883.8586466165414,294.56910299003323,312.28470691934774,230.3104961187985,337.81864211737627,422.30645350887505,224.88471022598935
21916070.0,751.3203883495146,263.86927125283165,209.94252873563218,180.38260869565218,206.19496855345912,436.1219512195122,227.20560747663552
21916070.0,872.4324364701584,292.07049441786285,310.55941537809787,231.5649918962723,333.42490599424906,430.50849997118655,226.28868286445012
21916070.0,833.6677524429967,258.23988439306356,289.818359375,243.22625698324023,326.38198801371857,662.9427792915532,285.52095808383234
21916070.0,876.811475409836,290.8032166508988,312.0613227291754,233.27587311759052,332.2841553906591,431.64504649293997,237.99160624254958
21916070.0,875.9971346704871,251.22582703415,311.1703470031546,232.49501126488573,332.65986394557825,431.2500862366333,227.5891497461929
21916070.0,842.246511627907,243.16983154215808,271.83637946040034,222.24559023066485,289.42003676470586,532.9676674364896,237.3991769547325
21916070.0,782.2009345794393,241.97131147540983,271.099173553719,235.515625,271.46220930232556,646.88623853211,231.70297338752036
21916070.0,816.912,239.22535211267606,281.3388125646806,250.7084745762712,284.0272952853598,656.9902755267423,293.5992647058824
21916070.0,881.752523364486,294.00297520661155,312.6417452313089,218.72696862459694,337.1760934279826,422.6569317382125,223.8396820139119
21916070.0,875.7449088960343,291.16408472968703,297.7395609500915,232.9961464354528,332.61807835412566,431.32368315239245,228.22176526415691
21916070.0,817.5593220338983,243.63059701492537,280.3778337531486,245.70967741935485,281.5118733509235,654.7038917089678,227.46547937693904
21916070.0,873.3010845986985,294.74798619102415,307.1899489644387,229.52590572652903,338.02659574468083,423.7949002217295,217.78204144282427
21916070.0,788.7329192546584,229.84444444444443,256.3085501858736,226.20430107526883,315.2148144163298,602.6961722488038,269.60818713450294
21916070.0,875.1438848920864,291.75429662635264,310.62552831783603,232.02166882276845,317.422576162937,430.86094316807737,226.77295918367346
21916070.0,858.8223350253808,274.70991797166295,276.3811199555811,225.38299473288185,310.7506387327542,427.2748403994107,229.28721017202693
21916070.0,855.7002884046786,290.73024866226,312.28440175401965,233.46148929370406,332.0787984327384,431.7111722872218,229.02423670129053
21916070.0,883.8586466165414,294.56910299003323,312.28470691934774,230.3104961187985,337.81864211737627,417.43699039436893,223.1102231102231
21916070.0,751.3203883495146,176.46902654867256,209.94252873563218,180.38260869565218,206.19496855345912,481.35172159434586,227.20560747663552
21916070.0,875.3919942300757,253.5324230193324,310.55941537809787,231.5649918962723,333.42490599424906,430.50849997118655,226.28868286445012
21916070.0,833.6677524429967,258.23988439306356,289.818359375,243.22625698324023,315.0833333333333,599.2571256623705,285.52095808383234
21916070.0,866.1652343037136,290.8032166508988,312.0613227291754,233.27587311759052,332.2841553906591,431.64504649293997,228.82991479962132
21916070.0,875.9971346704871,291.3149556400507,311.1703470031546,232.49501126488573,302.09601523163093,431.2500862366333,227.5891497461929
21916070.0,815.0860715504668,257.3606557377049,271.83637946040034,222.24559023066485,289.42003676470586,532.9676674364896,237.3991769547325
21916070.0,782.2009345794393,241.97131147540983,271.099173553719,235.515625,271.46220930232556,452.57321415354073,279.75431034482756
21916070.0,816.912,239.22535211267606,288.3333333333333,250.7084745762712,284.0272952853598,511.71561111848155,293.5992647058824
21916070.0,881.752523364486,279.3823676362417,312.6417452313089,230.30389523169913,337.1760934279826,422.6569317382125,223.8396820139119
21916070.0,875.7449088960343,291.16408472968703,311.7488459924465,232.9961464354528,332.61807835412566,508.06615856292706,228.22176526415691
21916070.0,817.5593220338983,243.63059701492537,275.8035412987735,245.70967741935485,281.5118733509235,654.7038917089678,289.72265625
21916070.0,873.3010845986985,294.74798619102415,314.61270648030495,229.52590572652903,338.02659574468083,423.7949002217295,265.60755041926524
21916070.0,847.7337145605301,229.84444444444443,256.3085501858736,226.20430107526883,258.5753968253968,602.6961722488038,269.60818713450294
21916070.0,875.1438848920864,291.75429662635264,310.62552831783603,232.02166882276845,333.2067519858782,463.6705920268865,226.77295918367346
21916070.0,858.8223350253808,274.70991797166295,298.78010107705023,225.38299473288185,310.7506387327542,427.2748403994107,229.28721017202693
21916070.0,876.5898256848096,290.73024866226,296.1574648051783,233.46148929370406,332.0787984327384,431.7111722872218,229.02423670129053
21916070.0,883.8586466165414,288.3141457058156,312.28470691934774,230.3104961187985,337.81864211737627,422.30645350887505,223.1102231102231
21916070.0,751.3203883495146,176.46902654867256,209.94252873563218,180.38260869565218,307.79123698113597,436.1219512195122,227.20560747663552
21916070.0,875.3919942300757,292.07049441786285,296.3477656142864,231.5649918962723,333.42490599424906,430.50849997118655,226.28868286445012
21916070.0,871.9371553552187,258.23988439306356,289.818359375,243.22625698324023,315.0833333333333,662.9427792915532,285.52095808383234
21916070.0,876.811475409836,290.8032166508988,312.0613227291754,220.14191040211668,332.2841553906591,431.64504649293997,228.82991479962132
21916070.0,875.9971346704871,268.4941957411882,311.1703470031546,232.49501126488573,332.65986394557825,431.2500862366333,227.5891497461929
21916070.0,816.2216805279215,257.3606557377049,271.83637946040034,222.24559023066485,289.42003676470586,532.9676674364896,237.3991769547325
21916070.0,782.2009345794393,286.43960177256383,271.099173553719,235.515625,271.46220930232556,646.88623853211,279.75431034482756
21916070.0,816.912,239.22535211267606,288.3333333333333,250.7084745762712,284.0272952853598,656.9902755267423,243.56091174880922
21916070.0,881.752523364486,294.00297520661155,312.6417452313089,230.30389523169913,337.1760934279826,422.6569317382125,254.39611249941206
21916070.0,875.7449088960343,250.27134619245842,311.7488459924465,232.9961464354528,332.61807835412566,431.32368315239245,228.22176526415691
21916070.0,817.5593220338983,288.73966277058355,280.3778337531486,245.70967741935485,281.5118733509235,654.7038917089678,289.72265625
21916070.0,873.3010845986985,294.74798619102415,314.61270648030495,229.52590572652903,338.02659574468083,423.7949002217295,237.45440250555785
21916070.0,788.7329192546584,229.84444444444443,256.3085501858736,226.20430107526883,314.2002768354324,602.6961722488038,269.60818713450294
21916070.0,875.1438848920864,291.75429662635264,310.62552831783603,232.02166882276845,333.2067519858782,498.3154568827157,226.77295918367346
21916070.0,855.7946103313055,274.70991797166295,280.20867869332034,225.38299473288185,310.7506387327542,427.2748403994107,229.28721017202693
21916070.0,848.4159143641691,290.73024866226,312.28440175401965,233.46148929370406,332.0787984327384,431.7111722872218,229.02423670129053
21916070.0,883.8586466165414,294.56910299003323,290.9145289803526,230.3104961187985,337.81864211737627,422.30645350887505,223.1102231102231
21916070.0,751.3203883495146,176.46902654867256,264.0078029145648,180.38260869565218,206.19496855345912,436.1219512195122,227.20560747663552
21916070.0,875.3919942300757,271.4775719005838,310.55941537809787,231.5649918962723,333.42490599424906,430.50849997118655,226.28868286445012
21916070.0,833.6677524429967,278.4530199713516,289.818359375,243.22625698324023,315.0833333333333,662.9427792915532,285.52095808383234
21916070.0,876.811475409836,290.8032166508988,312.0613227291754,239.43728056684904,332.2841553906591,431.64504649293997,228.82991479962132
21916070.0,875.9971346704871,291.3149556400507,311.1703470031546,232.49501126488573,332.65986394557825,494.76287730983256,227.5891497461929
21916070.0,842.246511627907,257.3606557377049,303.0548116522958,222.24559023066485,289.42003676470586,532.9676674364896,237.3991769547325
21916070.0,826.4006110551314,241.97131147540983,271.099173553719,235.515625,271.46220930232556,646.88623853211,279.75431034482756
21916070.0,816.912,239.22535211267606,288.3333333333333,250.7084745762712,300.13151523876235,656.9902755267423,293.5992647058824
21916070.0,881.752523364486,289.1053872272266,312.6417452313089,230.30389523169913,337.1760934279826,422.6569317382125,223.8396820139119
21916070.0,875.7449088960343,291.16408472968703,311.7488459924465,232.9961464354528,332.61807835412566,431.32368315239245,232.3963497371244
21916070.0,822.2414084669681,243.63059701492537,280.3778337531486,245.70967741935485,281.5118733509235,654.7038917089678,289.72265625
21916070.0,873.3010845986985,294.74798619102415,304.31027101762356,229.52590572652903,338.02659574468083,423.7949002217295,217.78204144282427
21916070.0,788.7329192546584,257.4138632941261,256.3085501858736,226.20430107526883,258.5753968253968,602.6961722488038,269.60818713450294
21916070.0,875.1438848920864,291.75429662635264,310.62552831783603,235.28301283088803,333.2067519858782,430.86094316807737,226.77295918367346
21916070.0,858.8223350253808,274.70991797166295,280.20867869332034,225.38299473288185,310.7506387327542,530.5735733555781,229.28721017202693
21916070.0,876.5898256848096,290.73024866226,282.7262977330028,233.46148929370406,332.0787984327384,431.7111722872218,229.02423670129053
21916070.0,883.8586466165414,254.87983407543607,312.28470691934774,230.3104961187985,337.81864211737627,422.30645350887505,223.1102231102231
21916070.0,751.3203883495146,176.46902654867256,295.6794025350106,180.38260869565218,206.19496855345912,436.1219512195122,227.20560747663552
21916070.0,865.3738571181857,292.07049441786285,310.55941537809787,231.5649918962723,333.42490599424906,430.50849997118655,226.28868286445012
21916070.0,833.6677524429967,258.0929644950395,289.818359375,243.22625698324023,315.0833333333333,662.9427792915532,285.52095808383234
21916070.0,876.811475409836,290.8032166508988,312.0613227291754,234.08507310930435,332.2841553906591,431.64504649293997,228.82991479962132
21916070.0,824.9434019948236,291.3149556400507,311.1703470031546,232.49501126488573,332.65986394557825,431.2500862366333,227.5891497461929
21916070.0,823.6509167207658,257.3606557377049,271.83637946040034,222.24559023066485,289.42003676470586,532.9676674364896,237.3991769547325
21916070.0,782.2009345794393,241.97131147540983,271.099173553719,235.515625,271.46220930232556,463.5407443058389,279.75431034482756
21916070.0,816.912,239.22535211267606,288.3333333333333,250.7084745762712,284.0272952853598,656.9902755267423,219.90772339529929
21916070.0,881.752523364486,294.00297520661155,312.6417452313089,230.30389523169913,337.1760934279826,482.96966531824546,223.8396820139119
21916070.0,875.7449088960343,264.42074581932843,311.7488459924465,232.9961464354528,332.61807835412566,431.32368315239245,228.22176526415691
21916070.0,817.5593220338983,258.3986384501398,280.3778337531486,245.70967741935485,281.5118733509235,654.7038917089678,289.72265625
21916070.0,873.3010845986985,277.67329442818897,314.61270648030495,229.52590572652903,338.02659574468083,423.7949002217295,217.78204144282427
21916070.0,788.7329192546584,229.84444444444443,256.3085501858736,226.20430107526883,258.5753968253968,597.1613316890323,269.60818713450294
21916070.0,875.1438848920864,291.75429662635264,310.62552831783603,232.02166882276845,333.2067519858782,480.1313434982231,226.77295918367346
21916070.0,838.7663185162729,274.70991797166295,280.20867869332034,225.38299473288185,310.7506387327542,427.2748403994107,229.28721017202693
21916070.0,876.5898256848096,290.73024866226,293.4273576189637,233.46148929370406,332.0787984327384,431.7111722872218,229.02423670129053
21916070.0,883.8586466165414,294.56910299003323,312.28470691934774,230.3104961187985,337.81864211737627,422.30645350887505,256.5710984208394
21916070.0,751.3203883495146,176.46902654867256,209.94252873563218,180.38260869565218,206.19496855345912,540.1080734376915,227.20560747663552
21916070.0,875.3919942300757,292.07049441786285,310.55941537809787,231.5649918962723,333.42490599424906,430.50849997118655,218.7931298854876
21916070.0,838.7374374415003,258.23988439306356,289.818359375,243.22625698324023,315.0833333333333,662.9427792915532,285.52095808383234
21916070.0,876.811475409836,290.8032166508988,312.0613227291754,220.6161115939735,332.2841553906591,431.64504649293997,228.82991479962132
21916070.0,875.9971346704871,291.3149556400507,311.1703470031546,232.49501126488573,280.52570843850117,431.2500862366333,227.5891497461929
21916070.0,842.246511627907,257.3606557377049,271.83637946040034,222.24559023066485,289.42003676470586,532.9676674364896,252.55964146232463
21916070.0,782.2009345794393,241.97131147540983,271.099173553719,235.515625,271.46220930232556,646.88623853211,256.396717574175
21916070.0,816.912,239.96193860466155,288.3333333333333,250.7084745762712,284.0272952853598,656.9902755267423,293.5992647058824
21916070.0,881.752523364486,290.3266246500103,312.6417452313089,230.30389523169913,337.1760934279826,422.6569317382125,223.8396820139119
21916070.0,875.7449088960343,291.16408472968703,311.7488459924465,232.9961464354528,332.61807835412566,431.32368315239245,226.10884363625746
21916070.0,883.8451074617354,243.63059701492537,280.3778337531486,245.70967741935485,281.5118733509235,654.7038917089678,289.72265625
21916070.0,873.3010845986985,283.88112259561365,314.61270648030495,229.52590572652903,338.02659574468083,423.7949002217295,217.78204144282427
21916070.0,788.7329192546584,229.84444444444443,256.3085501858736,226.20430107526883,258.5753968253968,602.6961722488038,253.7404550778126
21916070.0,875.1438848920864,282.22420154090474,310.62552831783603,232.02166882276845,333.2067519858782,430.86094316807737,226.77295918367346
21916070.0,858.8223350253808,274.70991797166295,280.20867869332034,242.93092230270562,310.7506387327542,427.2748403994107,229.28721017202693
21916070.0,876.5898256848096,290.73024866226,312.28440175401965,233.46148929370406,277.95484809216407,431.7111722872218,229.02423670129053
21916070.0,883.8586466165414,294.56910299003323,312.28470691934774,230.3104961187985,337.81864211737627,490.0256731796227,223.1102231102231
21916070.0,751.3203883495146,275.4124084009645,209.94252873563218,180.38260869565218,206.19496855345912,436.1219512195122,227.20560747663552
21916070.0,825.8499411797206,292.07049441786285,310.55941537809787,231.5649918962723,333.42490599424906,430.50849997118655,226.28868286445012
21916070.0,833.6677524429967,258.23988439306356,289.818359375,243.22625698324023,315.0833333333333,662.9427792915532,256.7006587080808
21916070.0,876.811475409836,290.8032166508988,312.0613227291754,216.36611845538994,332.2841553906591,431.64504649293997,228.82991479962132
21916070.0,845.9373866183485,291.3149556400507,311.1703470031546,232.49501126488573,332.65986394557825,431.2500862366333,227.5891497461929
21916070.0,842.246511627907,257.3606557377049,279.82216254981176,222.24559023066485,289.42003676470586,532.9676674364896,237.3991769547325
